<Anims>
 <anim name="BUILD" root="swap_vr_projector" numframes="1000" framerate="40">
  <frame idx="0" w="124" h="339" x="-4.545958" y="-75.894470">
   <element name="swap_vr_projector" layername="projector" frame="0" z_index="1" m_a="0.935857" m_b="0.352379" m_c="-0.352379" m_d="0.935857" m_tx="1.277728" m_ty="-15.964962"/>
  </frame>
  <frame idx="25" w="124" h="339" x="-4.545958" y="-75.894470">
   <element name="swap_vr_projector" layername="projector" frame="0" z_index="1" m_a="0.935857" m_b="0.352379" m_c="-0.352379" m_d="0.935857" m_tx="1.277728" m_ty="-15.964962"/>
  </frame>
  <frame idx="50" w="124" h="339" x="-4.545958" y="-75.894470">
   <element name="swap_vr_projector" layername="projector" frame="0" z_index="1" m_a="0.935857" m_b="0.352379" m_c="-0.352379" m_d="0.935857" m_tx="1.277728" m_ty="-15.964962"/>
  </frame>
  <frame idx="75" w="124" h="339" x="-4.545958" y="-75.894470">
   <element name="swap_vr_projector" layername="projector" frame="0" z_index="1" m_a="0.935857" m_b="0.352379" m_c="-0.352379" m_d="0.935857" m_tx="1.277728" m_ty="-15.964962"/>
  </frame>
  <frame idx="100" w="124" h="339" x="-4.545958" y="-75.894470">
   <element name="swap_vr_projector" layername="projector" frame="0" z_index="1" m_a="0.935857" m_b="0.352379" m_c="-0.352379" m_d="0.935857" m_tx="1.277728" m_ty="-15.964962"/>
  </frame>
  <frame idx="125" w="124" h="339" x="-4.545958" y="-75.894470">
   <element name="swap_vr_projector" layername="projector" frame="0" z_index="1" m_a="0.935857" m_b="0.352379" m_c="-0.352379" m_d="0.935857" m_tx="1.277728" m_ty="-15.964962"/>
  </frame>
  <frame idx="150" w="124" h="339" x="-4.545958" y="-75.894470">
   <element name="swap_vr_projector" layername="projector" frame="0" z_index="1" m_a="0.935857" m_b="0.352379" m_c="-0.352379" m_d="0.935857" m_tx="1.277728" m_ty="-15.964962"/>
  </frame>
  <frame idx="175" w="124" h="339" x="-4.545958" y="-75.894470">
   <element name="swap_vr_projector" layername="projector" frame="0" z_index="1" m_a="0.935857" m_b="0.352379" m_c="-0.352379" m_d="0.935857" m_tx="1.277728" m_ty="-15.964962"/>
  </frame>
  <frame idx="200" w="124" h="339" x="-4.545958" y="-75.894470">
   <element name="swap_vr_projector" layername="projector" frame="0" z_index="1" m_a="0.935857" m_b="0.352379" m_c="-0.352379" m_d="0.935857" m_tx="1.277728" m_ty="-15.964962"/>
  </frame>
  <frame idx="225" w="124" h="339" x="-4.545958" y="-75.894470">
   <element name="swap_vr_projector" layername="projector" frame="0" z_index="1" m_a="0.935857" m_b="0.352379" m_c="-0.352379" m_d="0.935857" m_tx="1.277728" m_ty="-15.964962"/>
  </frame>
  <frame idx="250" w="124" h="339" x="-4.545958" y="-75.894470">
   <element name="swap_vr_projector" layername="projector" frame="0" z_index="1" m_a="0.935857" m_b="0.352379" m_c="-0.352379" m_d="0.935857" m_tx="1.277728" m_ty="-15.964962"/>
  </frame>
  <frame idx="275" w="124" h="339" x="-4.545958" y="-75.894470">
   <element name="swap_vr_projector" layername="projector" frame="0" z_index="1" m_a="0.935857" m_b="0.352379" m_c="-0.352379" m_d="0.935857" m_tx="1.277728" m_ty="-15.964962"/>
  </frame>
  <frame idx="300" w="124" h="339" x="-4.545958" y="-75.894470">
   <element name="swap_vr_projector" layername="projector" frame="0" z_index="1" m_a="0.935857" m_b="0.352379" m_c="-0.352379" m_d="0.935857" m_tx="1.277728" m_ty="-15.964962"/>
  </frame>
  <frame idx="325" w="124" h="339" x="-4.545958" y="-75.894470">
   <element name="swap_vr_projector" layername="projector" frame="0" z_index="1" m_a="0.935857" m_b="0.352379" m_c="-0.352379" m_d="0.935857" m_tx="1.277728" m_ty="-15.964962"/>
  </frame>
  <frame idx="350" w="124" h="339" x="-4.545958" y="-75.894470">
   <element name="swap_vr_projector" layername="projector" frame="0" z_index="1" m_a="0.935857" m_b="0.352379" m_c="-0.352379" m_d="0.935857" m_tx="1.277728" m_ty="-15.964962"/>
  </frame>
  <frame idx="375" w="124" h="339" x="-4.545958" y="-75.894470">
   <element name="swap_vr_projector" layername="projector" frame="0" z_index="1" m_a="0.935857" m_b="0.352379" m_c="-0.352379" m_d="0.935857" m_tx="1.277728" m_ty="-15.964962"/>
  </frame>
  <frame idx="400" w="124" h="339" x="-4.545958" y="-75.894470">
   <element name="swap_vr_projector" layername="projector" frame="0" z_index="1" m_a="0.935857" m_b="0.352379" m_c="-0.352379" m_d="0.935857" m_tx="1.277728" m_ty="-15.964962"/>
  </frame>
  <frame idx="425" w="124" h="339" x="-4.545958" y="-75.894470">
   <element name="swap_vr_projector" layername="projector" frame="0" z_index="1" m_a="0.935857" m_b="0.352379" m_c="-0.352379" m_d="0.935857" m_tx="1.277728" m_ty="-15.964962"/>
  </frame>
  <frame idx="450" w="124" h="339" x="-4.545958" y="-75.894470">
   <element name="swap_vr_projector" layername="projector" frame="0" z_index="1" m_a="0.935857" m_b="0.352379" m_c="-0.352379" m_d="0.935857" m_tx="1.277728" m_ty="-15.964962"/>
  </frame>
  <frame idx="475" w="124" h="339" x="-4.545958" y="-75.894470">
   <element name="swap_vr_projector" layername="projector" frame="0" z_index="1" m_a="0.935857" m_b="0.352379" m_c="-0.352379" m_d="0.935857" m_tx="1.277728" m_ty="-15.964962"/>
  </frame>
  <frame idx="500" w="124" h="339" x="-4.545958" y="-75.894470">
   <element name="swap_vr_projector" layername="projector" frame="0" z_index="1" m_a="0.935857" m_b="0.352379" m_c="-0.352379" m_d="0.935857" m_tx="1.277728" m_ty="-15.964962"/>
  </frame>
  <frame idx="525" w="124" h="339" x="-4.545958" y="-75.894470">
   <element name="swap_vr_projector" layername="projector" frame="0" z_index="1" m_a="0.935857" m_b="0.352379" m_c="-0.352379" m_d="0.935857" m_tx="1.277728" m_ty="-15.964962"/>
  </frame>
  <frame idx="550" w="124" h="339" x="-4.545958" y="-75.894470">
   <element name="swap_vr_projector" layername="projector" frame="0" z_index="1" m_a="0.935857" m_b="0.352379" m_c="-0.352379" m_d="0.935857" m_tx="1.277728" m_ty="-15.964962"/>
  </frame>
  <frame idx="575" w="124" h="339" x="-4.545958" y="-75.894470">
   <element name="swap_vr_projector" layername="projector" frame="0" z_index="1" m_a="0.935857" m_b="0.352379" m_c="-0.352379" m_d="0.935857" m_tx="1.277728" m_ty="-15.964962"/>
  </frame>
  <frame idx="600" w="124" h="339" x="-4.545958" y="-75.894470">
   <element name="swap_vr_projector" layername="projector" frame="0" z_index="1" m_a="0.935857" m_b="0.352379" m_c="-0.352379" m_d="0.935857" m_tx="1.277728" m_ty="-15.964962"/>
  </frame>
  <frame idx="625" w="124" h="339" x="-4.545958" y="-75.894470">
   <element name="swap_vr_projector" layername="projector" frame="0" z_index="1" m_a="0.935857" m_b="0.352379" m_c="-0.352379" m_d="0.935857" m_tx="1.277728" m_ty="-15.964962"/>
  </frame>
  <frame idx="650" w="124" h="339" x="-4.545958" y="-75.894470">
   <element name="swap_vr_projector" layername="projector" frame="0" z_index="1" m_a="0.935857" m_b="0.352379" m_c="-0.352379" m_d="0.935857" m_tx="1.277728" m_ty="-15.964962"/>
  </frame>
  <frame idx="675" w="124" h="339" x="-4.545958" y="-75.894470">
   <element name="swap_vr_projector" layername="projector" frame="0" z_index="1" m_a="0.935857" m_b="0.352379" m_c="-0.352379" m_d="0.935857" m_tx="1.277728" m_ty="-15.964962"/>
  </frame>
  <frame idx="700" w="124" h="339" x="-4.545958" y="-75.894470">
   <element name="swap_vr_projector" layername="projector" frame="0" z_index="1" m_a="0.935857" m_b="0.352379" m_c="-0.352379" m_d="0.935857" m_tx="1.277728" m_ty="-15.964962"/>
  </frame>
  <frame idx="725" w="124" h="339" x="-4.545958" y="-75.894470">
   <element name="swap_vr_projector" layername="projector" frame="0" z_index="1" m_a="0.935857" m_b="0.352379" m_c="-0.352379" m_d="0.935857" m_tx="1.277728" m_ty="-15.964962"/>
  </frame>
  <frame idx="750" w="124" h="339" x="-4.545958" y="-75.894470">
   <element name="swap_vr_projector" layername="projector" frame="0" z_index="1" m_a="0.935857" m_b="0.352379" m_c="-0.352379" m_d="0.935857" m_tx="1.277728" m_ty="-15.964962"/>
  </frame>
  <frame idx="775" w="124" h="339" x="-4.545958" y="-75.894470">
   <element name="swap_vr_projector" layername="projector" frame="0" z_index="1" m_a="0.935857" m_b="0.352379" m_c="-0.352379" m_d="0.935857" m_tx="1.277728" m_ty="-15.964962"/>
  </frame>
  <frame idx="800" w="124" h="339" x="-4.545958" y="-75.894470">
   <element name="swap_vr_projector" layername="projector" frame="0" z_index="1" m_a="0.935857" m_b="0.352379" m_c="-0.352379" m_d="0.935857" m_tx="1.277728" m_ty="-15.964962"/>
  </frame>
  <frame idx="825" w="124" h="339" x="-4.545958" y="-75.894470">
   <element name="swap_vr_projector" layername="projector" frame="0" z_index="1" m_a="0.935857" m_b="0.352379" m_c="-0.352379" m_d="0.935857" m_tx="1.277728" m_ty="-15.964962"/>
  </frame>
  <frame idx="850" w="124" h="339" x="-4.545958" y="-75.894470">
   <element name="swap_vr_projector" layername="projector" frame="0" z_index="1" m_a="0.935857" m_b="0.352379" m_c="-0.352379" m_d="0.935857" m_tx="1.277728" m_ty="-15.964962"/>
  </frame>
  <frame idx="875" w="124" h="339" x="-4.545958" y="-75.894470">
   <element name="swap_vr_projector" layername="projector" frame="0" z_index="1" m_a="0.935857" m_b="0.352379" m_c="-0.352379" m_d="0.935857" m_tx="1.277728" m_ty="-15.964962"/>
  </frame>
  <frame idx="900" w="124" h="339" x="-4.545958" y="-75.894470">
   <element name="swap_vr_projector" layername="projector" frame="0" z_index="1" m_a="0.935857" m_b="0.352379" m_c="-0.352379" m_d="0.935857" m_tx="1.277728" m_ty="-15.964962"/>
  </frame>
  <frame idx="925" w="124" h="339" x="-4.545958" y="-75.894470">
   <element name="swap_vr_projector" layername="projector" frame="0" z_index="1" m_a="0.935857" m_b="0.352379" m_c="-0.352379" m_d="0.935857" m_tx="1.277728" m_ty="-15.964962"/>
  </frame>
  <frame idx="950" w="124" h="339" x="-4.545958" y="-75.894470">
   <element name="swap_vr_projector" layername="projector" frame="0" z_index="1" m_a="0.935857" m_b="0.352379" m_c="-0.352379" m_d="0.935857" m_tx="1.277728" m_ty="-15.964962"/>
  </frame>
  <frame idx="975" w="124" h="339" x="-4.545958" y="-75.894470">
   <element name="swap_vr_projector" layername="projector" frame="0" z_index="1" m_a="0.935857" m_b="0.352379" m_c="-0.352379" m_d="0.935857" m_tx="1.277728" m_ty="-15.964962"/>
  </frame>
 </anim>
</Anims>
