<Anims>
 <anim name="idle" root="vr_projector" numframes="1000" framerate="40">
  <frame idx="0" w="1229" h="1899" x="200.524719" y="-412.643127">
   <element name="vr_projector" layername="projector" frame="0" z_index="4" m_a="1.000000" m_b="0.000000" m_c="0.000000" m_d="1.000000" m_tx="-208.975296" m_ty="-766.143127"/>
  </frame>
  <frame idx="25" w="1229" h="1899" x="200.524719" y="-412.643127">
   <element name="vr_projector" layername="projector" frame="0" z_index="4" m_a="1.000000" m_b="0.000000" m_c="0.000000" m_d="1.000000" m_tx="-208.975296" m_ty="-766.143127"/>
  </frame>
  <frame idx="50" w="1229" h="1899" x="200.524719" y="-412.643127">
   <element name="vr_projector" layername="projector" frame="0" z_index="4" m_a="1.000000" m_b="0.000000" m_c="0.000000" m_d="1.000000" m_tx="-208.975296" m_ty="-766.143127"/>
  </frame>
  <frame idx="75" w="1229" h="1899" x="200.524719" y="-412.643127">
   <element name="vr_projector" layername="projector" frame="0" z_index="4" m_a="1.000000" m_b="0.000000" m_c="0.000000" m_d="1.000000" m_tx="-208.975296" m_ty="-766.143127"/>
  </frame>
  <frame idx="100" w="1229" h="1899" x="200.524719" y="-412.643127">
   <element name="vr_projector" layername="projector" frame="0" z_index="4" m_a="1.000000" m_b="0.000000" m_c="0.000000" m_d="1.000000" m_tx="-208.975296" m_ty="-766.143127"/>
  </frame>
  <frame idx="125" w="1229" h="1899" x="200.524719" y="-412.643127">
   <element name="vr_projector" layername="projector" frame="0" z_index="4" m_a="1.000000" m_b="0.000000" m_c="0.000000" m_d="1.000000" m_tx="-208.975296" m_ty="-766.143127"/>
  </frame>
  <frame idx="150" w="1229" h="1899" x="200.524719" y="-412.643127">
   <element name="vr_projector" layername="projector" frame="0" z_index="4" m_a="1.000000" m_b="0.000000" m_c="0.000000" m_d="1.000000" m_tx="-208.975296" m_ty="-766.143127"/>
  </frame>
  <frame idx="175" w="1229" h="1899" x="200.524719" y="-412.643127">
   <element name="vr_projector" layername="projector" frame="0" z_index="4" m_a="1.000000" m_b="0.000000" m_c="0.000000" m_d="1.000000" m_tx="-208.975296" m_ty="-766.143127"/>
  </frame>
  <frame idx="200" w="1229" h="1899" x="200.524719" y="-412.643127">
   <element name="vr_projector" layername="projector" frame="0" z_index="4" m_a="1.000000" m_b="0.000000" m_c="0.000000" m_d="1.000000" m_tx="-208.975296" m_ty="-766.143127"/>
  </frame>
  <frame idx="225" w="1229" h="1899" x="200.524719" y="-412.643127">
   <element name="vr_projector" layername="projector" frame="0" z_index="4" m_a="1.000000" m_b="0.000000" m_c="0.000000" m_d="1.000000" m_tx="-208.975296" m_ty="-766.143127"/>
  </frame>
  <frame idx="250" w="1229" h="1899" x="200.524719" y="-412.643127">
   <element name="vr_projector" layername="projector" frame="0" z_index="4" m_a="1.000000" m_b="0.000000" m_c="0.000000" m_d="1.000000" m_tx="-208.975296" m_ty="-766.143127"/>
  </frame>
  <frame idx="275" w="1229" h="1899" x="200.524719" y="-412.643127">
   <element name="vr_projector" layername="projector" frame="0" z_index="4" m_a="1.000000" m_b="0.000000" m_c="0.000000" m_d="1.000000" m_tx="-208.975296" m_ty="-766.143127"/>
  </frame>
  <frame idx="300" w="1229" h="1899" x="200.524719" y="-412.643127">
   <element name="vr_projector" layername="projector" frame="0" z_index="4" m_a="1.000000" m_b="0.000000" m_c="0.000000" m_d="1.000000" m_tx="-208.975296" m_ty="-766.143127"/>
  </frame>
  <frame idx="325" w="1229" h="1899" x="200.524719" y="-412.643127">
   <element name="vr_projector" layername="projector" frame="0" z_index="4" m_a="1.000000" m_b="0.000000" m_c="0.000000" m_d="1.000000" m_tx="-208.975296" m_ty="-766.143127"/>
  </frame>
  <frame idx="350" w="1229" h="1899" x="200.524719" y="-412.643127">
   <element name="vr_projector" layername="projector" frame="0" z_index="4" m_a="1.000000" m_b="0.000000" m_c="0.000000" m_d="1.000000" m_tx="-208.975296" m_ty="-766.143127"/>
  </frame>
  <frame idx="375" w="1229" h="1899" x="200.524719" y="-412.643127">
   <element name="vr_projector" layername="projector" frame="0" z_index="4" m_a="1.000000" m_b="0.000000" m_c="0.000000" m_d="1.000000" m_tx="-208.975296" m_ty="-766.143127"/>
  </frame>
  <frame idx="400" w="1229" h="1899" x="200.524719" y="-412.643127">
   <element name="vr_projector" layername="projector" frame="0" z_index="4" m_a="1.000000" m_b="0.000000" m_c="0.000000" m_d="1.000000" m_tx="-208.975296" m_ty="-766.143127"/>
  </frame>
  <frame idx="425" w="1229" h="1899" x="200.524719" y="-412.643127">
   <element name="vr_projector" layername="projector" frame="0" z_index="4" m_a="1.000000" m_b="0.000000" m_c="0.000000" m_d="1.000000" m_tx="-208.975296" m_ty="-766.143127"/>
  </frame>
  <frame idx="450" w="1229" h="1899" x="200.524719" y="-412.643127">
   <element name="vr_projector" layername="projector" frame="0" z_index="4" m_a="1.000000" m_b="0.000000" m_c="0.000000" m_d="1.000000" m_tx="-208.975296" m_ty="-766.143127"/>
  </frame>
  <frame idx="475" w="1229" h="1899" x="200.524719" y="-412.643127">
   <element name="vr_projector" layername="projector" frame="0" z_index="4" m_a="1.000000" m_b="0.000000" m_c="0.000000" m_d="1.000000" m_tx="-208.975296" m_ty="-766.143127"/>
  </frame>
  <frame idx="500" w="1229" h="1899" x="200.524719" y="-412.643127">
   <element name="vr_projector" layername="projector" frame="0" z_index="4" m_a="1.000000" m_b="0.000000" m_c="0.000000" m_d="1.000000" m_tx="-208.975296" m_ty="-766.143127"/>
  </frame>
  <frame idx="525" w="1229" h="1899" x="200.524719" y="-412.643127">
   <element name="vr_projector" layername="projector" frame="0" z_index="4" m_a="1.000000" m_b="0.000000" m_c="0.000000" m_d="1.000000" m_tx="-208.975296" m_ty="-766.143127"/>
  </frame>
  <frame idx="550" w="1229" h="1899" x="200.524719" y="-412.643127">
   <element name="vr_projector" layername="projector" frame="0" z_index="4" m_a="1.000000" m_b="0.000000" m_c="0.000000" m_d="1.000000" m_tx="-208.975296" m_ty="-766.143127"/>
  </frame>
  <frame idx="575" w="1229" h="1899" x="200.524719" y="-412.643127">
   <element name="vr_projector" layername="projector" frame="0" z_index="4" m_a="1.000000" m_b="0.000000" m_c="0.000000" m_d="1.000000" m_tx="-208.975296" m_ty="-766.143127"/>
  </frame>
  <frame idx="600" w="1229" h="1899" x="200.524719" y="-412.643127">
   <element name="vr_projector" layername="projector" frame="0" z_index="4" m_a="1.000000" m_b="0.000000" m_c="0.000000" m_d="1.000000" m_tx="-208.975296" m_ty="-766.143127"/>
  </frame>
  <frame idx="625" w="1229" h="1899" x="200.524719" y="-412.643127">
   <element name="vr_projector" layername="projector" frame="0" z_index="4" m_a="1.000000" m_b="0.000000" m_c="0.000000" m_d="1.000000" m_tx="-208.975296" m_ty="-766.143127"/>
  </frame>
  <frame idx="650" w="1229" h="1899" x="200.524719" y="-412.643127">
   <element name="vr_projector" layername="projector" frame="0" z_index="4" m_a="1.000000" m_b="0.000000" m_c="0.000000" m_d="1.000000" m_tx="-208.975296" m_ty="-766.143127"/>
  </frame>
  <frame idx="675" w="1229" h="1899" x="200.524719" y="-412.643127">
   <element name="vr_projector" layername="projector" frame="0" z_index="4" m_a="1.000000" m_b="0.000000" m_c="0.000000" m_d="1.000000" m_tx="-208.975296" m_ty="-766.143127"/>
  </frame>
  <frame idx="700" w="1229" h="1899" x="200.524719" y="-412.643127">
   <element name="vr_projector" layername="projector" frame="0" z_index="4" m_a="1.000000" m_b="0.000000" m_c="0.000000" m_d="1.000000" m_tx="-208.975296" m_ty="-766.143127"/>
  </frame>
  <frame idx="725" w="1229" h="1899" x="200.524719" y="-412.643127">
   <element name="vr_projector" layername="projector" frame="0" z_index="4" m_a="1.000000" m_b="0.000000" m_c="0.000000" m_d="1.000000" m_tx="-208.975296" m_ty="-766.143127"/>
  </frame>
  <frame idx="750" w="1229" h="1899" x="200.524719" y="-412.643127">
   <element name="vr_projector" layername="projector" frame="0" z_index="4" m_a="1.000000" m_b="0.000000" m_c="0.000000" m_d="1.000000" m_tx="-208.975296" m_ty="-766.143127"/>
  </frame>
  <frame idx="775" w="1229" h="1899" x="200.524719" y="-412.643127">
   <element name="vr_projector" layername="projector" frame="0" z_index="4" m_a="1.000000" m_b="0.000000" m_c="0.000000" m_d="1.000000" m_tx="-208.975296" m_ty="-766.143127"/>
  </frame>
  <frame idx="800" w="1229" h="1899" x="200.524719" y="-412.643127">
   <element name="vr_projector" layername="projector" frame="0" z_index="4" m_a="1.000000" m_b="0.000000" m_c="0.000000" m_d="1.000000" m_tx="-208.975296" m_ty="-766.143127"/>
  </frame>
  <frame idx="825" w="1229" h="1899" x="200.524719" y="-412.643127">
   <element name="vr_projector" layername="projector" frame="0" z_index="4" m_a="1.000000" m_b="0.000000" m_c="0.000000" m_d="1.000000" m_tx="-208.975296" m_ty="-766.143127"/>
  </frame>
  <frame idx="850" w="1229" h="1899" x="200.524719" y="-412.643127">
   <element name="vr_projector" layername="projector" frame="0" z_index="4" m_a="1.000000" m_b="0.000000" m_c="0.000000" m_d="1.000000" m_tx="-208.975296" m_ty="-766.143127"/>
  </frame>
  <frame idx="875" w="1229" h="1899" x="200.524719" y="-412.643127">
   <element name="vr_projector" layername="projector" frame="0" z_index="4" m_a="1.000000" m_b="0.000000" m_c="0.000000" m_d="1.000000" m_tx="-208.975296" m_ty="-766.143127"/>
  </frame>
  <frame idx="900" w="1229" h="1899" x="200.524719" y="-412.643127">
   <element name="vr_projector" layername="projector" frame="0" z_index="4" m_a="1.000000" m_b="0.000000" m_c="0.000000" m_d="1.000000" m_tx="-208.975296" m_ty="-766.143127"/>
  </frame>
  <frame idx="925" w="1229" h="1899" x="200.524719" y="-412.643127">
   <element name="vr_projector" layername="projector" frame="0" z_index="4" m_a="1.000000" m_b="0.000000" m_c="0.000000" m_d="1.000000" m_tx="-208.975296" m_ty="-766.143127"/>
  </frame>
  <frame idx="950" w="1229" h="1899" x="200.524719" y="-412.643127">
   <element name="vr_projector" layername="projector" frame="0" z_index="4" m_a="1.000000" m_b="0.000000" m_c="0.000000" m_d="1.000000" m_tx="-208.975296" m_ty="-766.143127"/>
  </frame>
  <frame idx="975" w="1229" h="1899" x="200.524719" y="-412.643127">
   <element name="vr_projector" layername="projector" frame="0" z_index="4" m_a="1.000000" m_b="0.000000" m_c="0.000000" m_d="1.000000" m_tx="-208.975296" m_ty="-766.143127"/>
  </frame>
 </anim>
 <anim name="work" root="vr_projector" numframes="2200" framerate="40">
  <frame idx="0" w="1766" h="1924" x="-269.230347" y="-414.643127">
   <element name="vr_projector" layername="projector" frame="0" z_index="4" m_a="1.000000" m_b="0.000000" m_c="0.000000" m_d="1.000000" m_tx="-208.975296" m_ty="-766.143127"/>
   <element name="vr_projector" layername="circl" frame="1" z_index="3" m_a="1.000000" m_b="0.000000" m_c="0.000000" m_d="1.000000" m_tx="-82.864433" m_ty="-212.273804"/>
   <element name="vr_projector" layername="circle2" frame="2" z_index="2" m_a="1.000000" m_b="0.000000" m_c="0.000000" m_d="1.000000" m_tx="55.978580" m_ty="-233.575485"/>
  </frame>
  <frame idx="25" w="1822" h="1899" x="-272.092163" y="-412.643127">
   <element name="vr_projector" layername="projector" frame="0" z_index="4" m_a="1.000000" m_b="0.000000" m_c="0.000000" m_d="1.000000" m_tx="-208.975296" m_ty="-766.143127"/>
   <element name="vr_projector" layername="circl" frame="1" z_index="3" m_a="0.999268" m_b="-0.038265" m_c="0.038265" m_d="0.999268" m_tx="-82.816048" m_ty="-212.227951"/>
   <element name="vr_projector" layername="circle2" frame="2" z_index="2" m_a="0.999272" m_b="-0.038154" m_c="0.038154" m_d="0.999272" m_tx="56.067356" m_ty="-233.575485"/>
  </frame>
  <frame idx="50" w="1876" h="1899" x="-274.899414" y="-412.643127">
   <element name="vr_projector" layername="projector" frame="0" z_index="4" m_a="1.000000" m_b="0.000000" m_c="0.000000" m_d="1.000000" m_tx="-208.975296" m_ty="-766.143127"/>
   <element name="vr_projector" layername="circl" frame="1" z_index="3" m_a="0.997072" m_b="-0.076475" m_c="0.076475" m_d="0.997072" m_tx="-82.767670" m_ty="-212.182114"/>
   <element name="vr_projector" layername="circle2" frame="2" z_index="2" m_a="0.997089" m_b="-0.076252" m_c="0.076252" m_d="0.997089" m_tx="56.156128" m_ty="-233.575485"/>
  </frame>
  <frame idx="75" w="1929" h="1899" x="-277.654449" y="-412.643127">
   <element name="vr_projector" layername="projector" frame="0" z_index="4" m_a="1.000000" m_b="0.000000" m_c="0.000000" m_d="1.000000" m_tx="-208.975296" m_ty="-766.143127"/>
   <element name="vr_projector" layername="circl" frame="1" z_index="3" m_a="0.993415" m_b="-0.114572" m_c="0.114572" m_d="0.993415" m_tx="-82.719284" m_ty="-212.136261"/>
   <element name="vr_projector" layername="circle2" frame="2" z_index="2" m_a="0.993453" m_b="-0.114240" m_c="0.114240" m_d="0.993453" m_tx="56.244904" m_ty="-233.575485"/>
  </frame>
  <frame idx="100" w="1978" h="1899" x="-279.859772" y="-412.643127">
   <element name="vr_projector" layername="projector" frame="0" z_index="4" m_a="1.000000" m_b="0.000000" m_c="0.000000" m_d="1.000000" m_tx="-208.975296" m_ty="-766.143127"/>
   <element name="vr_projector" layername="circl" frame="1" z_index="3" m_a="0.988303" m_b="-0.152502" m_c="0.152502" m_d="0.988303" m_tx="-82.670898" m_ty="-212.090408"/>
   <element name="vr_projector" layername="circle2" frame="2" z_index="2" m_a="0.988371" m_b="-0.152061" m_c="0.152061" m_d="0.988371" m_tx="56.333679" m_ty="-233.575485"/>
  </frame>
  <frame idx="125" w="2025" h="1899" x="-282.017944" y="-412.643127">
   <element name="vr_projector" layername="projector" frame="0" z_index="4" m_a="1.000000" m_b="0.000000" m_c="0.000000" m_d="1.000000" m_tx="-208.975296" m_ty="-766.143127"/>
   <element name="vr_projector" layername="circl" frame="1" z_index="3" m_a="0.981744" m_b="-0.190208" m_c="0.190208" m_d="0.981744" m_tx="-82.622513" m_ty="-212.044556"/>
   <element name="vr_projector" layername="circle2" frame="2" z_index="2" m_a="0.981850" m_b="-0.189660" m_c="0.189660" m_d="0.981850" m_tx="56.422455" m_ty="-233.575485"/>
  </frame>
  <frame idx="150" w="2068" h="1899" x="-283.631622" y="-412.643127">
   <element name="vr_projector" layername="projector" frame="0" z_index="4" m_a="1.000000" m_b="0.000000" m_c="0.000000" m_d="1.000000" m_tx="-208.975296" m_ty="-766.143127"/>
   <element name="vr_projector" layername="circl" frame="1" z_index="3" m_a="0.973746" m_b="-0.227635" m_c="0.227635" m_d="0.973746" m_tx="-82.574135" m_ty="-211.998718"/>
   <element name="vr_projector" layername="circle2" frame="2" z_index="2" m_a="0.973899" m_b="-0.226983" m_c="0.226983" m_d="0.973899" m_tx="56.511227" m_ty="-233.575485"/>
  </frame>
  <frame idx="175" w="2110" h="1899" x="-285.203461" y="-412.643127">
   <element name="vr_projector" layername="projector" frame="0" z_index="4" m_a="1.000000" m_b="0.000000" m_c="0.000000" m_d="1.000000" m_tx="-208.975296" m_ty="-766.143127"/>
   <element name="vr_projector" layername="circl" frame="1" z_index="3" m_a="0.964323" m_b="-0.264729" m_c="0.264729" m_d="0.964323" m_tx="-82.525749" m_ty="-211.952866"/>
   <element name="vr_projector" layername="circle2" frame="2" z_index="2" m_a="0.964529" m_b="-0.263976" m_c="0.263976" m_d="0.964529" m_tx="56.600002" m_ty="-233.575485"/>
  </frame>
  <frame idx="200" w="2148" h="1899" x="-286.236206" y="-412.643127">
   <element name="vr_projector" layername="projector" frame="0" z_index="4" m_a="1.000000" m_b="0.000000" m_c="0.000000" m_d="1.000000" m_tx="-208.975296" m_ty="-766.143127"/>
   <element name="vr_projector" layername="circl" frame="1" z_index="3" m_a="0.953487" m_b="-0.301436" m_c="0.301436" m_d="0.953487" m_tx="-82.477364" m_ty="-211.907013"/>
   <element name="vr_projector" layername="circle2" frame="2" z_index="2" m_a="0.953755" m_b="-0.300584" m_c="0.300584" m_d="0.953755" m_tx="56.688778" m_ty="-233.575485"/>
  </frame>
  <frame idx="225" w="2183" h="1899" x="-287.232697" y="-412.643127">
   <element name="vr_projector" layername="projector" frame="0" z_index="4" m_a="1.000000" m_b="0.000000" m_c="0.000000" m_d="1.000000" m_tx="-208.975296" m_ty="-766.143127"/>
   <element name="vr_projector" layername="circl" frame="1" z_index="3" m_a="0.941254" m_b="-0.337701" m_c="0.337701" m_d="0.941254" m_tx="-82.428986" m_ty="-211.861160"/>
   <element name="vr_projector" layername="circle2" frame="2" z_index="2" m_a="0.941592" m_b="-0.336755" m_c="0.336755" m_d="0.941592" m_tx="56.777550" m_ty="-233.575485"/>
  </frame>
  <frame idx="250" w="2216" h="1899" x="-288.195770" y="-412.643127">
   <element name="vr_projector" layername="projector" frame="0" z_index="4" m_a="1.000000" m_b="0.000000" m_c="0.000000" m_d="1.000000" m_tx="-208.975296" m_ty="-766.143127"/>
   <element name="vr_projector" layername="circl" frame="1" z_index="3" m_a="0.927642" m_b="-0.373471" m_c="0.373471" m_d="0.927642" m_tx="-82.380600" m_ty="-211.815323"/>
   <element name="vr_projector" layername="circle2" frame="2" z_index="2" m_a="0.928058" m_b="-0.372435" m_c="0.372435" m_d="0.928058" m_tx="56.866325" m_ty="-233.575485"/>
  </frame>
  <frame idx="275" w="2246" h="1899" x="-288.628357" y="-412.643127">
   <element name="vr_projector" layername="projector" frame="0" z_index="4" m_a="1.000000" m_b="0.000000" m_c="0.000000" m_d="1.000000" m_tx="-208.975296" m_ty="-766.143127"/>
   <element name="vr_projector" layername="circl" frame="1" z_index="3" m_a="0.912672" m_b="-0.408694" m_c="0.408694" m_d="0.912672" m_tx="-82.332214" m_ty="-211.769470"/>
   <element name="vr_projector" layername="circle2" frame="2" z_index="2" m_a="0.913173" m_b="-0.407573" m_c="0.407573" m_d="0.913173" m_tx="56.955101" m_ty="-233.575485"/>
  </frame>
  <frame idx="300" w="2272" h="1899" x="-288.533447" y="-412.643127">
   <element name="vr_projector" layername="projector" frame="0" z_index="4" m_a="1.000000" m_b="0.000000" m_c="0.000000" m_d="1.000000" m_tx="-208.975296" m_ty="-766.143127"/>
   <element name="vr_projector" layername="circl" frame="1" z_index="3" m_a="0.896364" m_b="-0.443318" m_c="0.443318" m_d="0.896364" m_tx="-82.283829" m_ty="-211.723618"/>
   <element name="vr_projector" layername="circle2" frame="2" z_index="2" m_a="0.896957" m_b="-0.442118" m_c="0.442118" m_d="0.896957" m_tx="57.043877" m_ty="-233.575485"/>
  </frame>
  <frame idx="325" w="2296" h="1899" x="-288.413971" y="-412.643127">
   <element name="vr_projector" layername="projector" frame="0" z_index="4" m_a="1.000000" m_b="0.000000" m_c="0.000000" m_d="1.000000" m_tx="-208.975296" m_ty="-766.143127"/>
   <element name="vr_projector" layername="circl" frame="1" z_index="3" m_a="0.878744" m_b="-0.477293" m_c="0.477293" m_d="0.878744" m_tx="-82.235451" m_ty="-211.677765"/>
   <element name="vr_projector" layername="circle2" frame="2" z_index="2" m_a="0.879436" m_b="-0.476018" m_c="0.476018" m_d="0.879436" m_tx="57.132648" m_ty="-233.575485"/>
  </frame>
  <frame idx="350" w="2316" h="1899" x="-287.781952" y="-412.643127">
   <element name="vr_projector" layername="projector" frame="0" z_index="4" m_a="1.000000" m_b="0.000000" m_c="0.000000" m_d="1.000000" m_tx="-208.975296" m_ty="-766.143127"/>
   <element name="vr_projector" layername="circl" frame="1" z_index="3" m_a="0.859891" m_b="-0.510478" m_c="0.510478" m_d="0.859891" m_tx="-82.190224" m_ty="-211.680008"/>
   <element name="vr_projector" layername="circle2" frame="2" z_index="2" m_a="0.860633" m_b="-0.509225" m_c="0.509225" m_d="0.860633" m_tx="57.221424" m_ty="-233.575485"/>
  </frame>
  <frame idx="375" w="2333" h="1899" x="-287.141357" y="-412.643127">
   <element name="vr_projector" layername="projector" frame="0" z_index="4" m_a="1.000000" m_b="0.000000" m_c="0.000000" m_d="1.000000" m_tx="-208.975296" m_ty="-766.143127"/>
   <element name="vr_projector" layername="circl" frame="1" z_index="3" m_a="0.839846" m_b="-0.542824" m_c="0.542824" m_d="0.839846" m_tx="-82.148415" m_ty="-211.734329"/>
   <element name="vr_projector" layername="circle2" frame="2" z_index="2" m_a="0.840578" m_b="-0.541691" m_c="0.541691" m_d="0.840578" m_tx="57.310200" m_ty="-233.575485"/>
  </frame>
  <frame idx="400" w="2348" h="1899" x="-286.485535" y="-412.643127">
   <element name="vr_projector" layername="projector" frame="0" z_index="4" m_a="1.000000" m_b="0.000000" m_c="0.000000" m_d="1.000000" m_tx="-208.975296" m_ty="-766.143127"/>
   <element name="vr_projector" layername="circl" frame="1" z_index="3" m_a="0.818586" m_b="-0.574383" m_c="0.574383" m_d="0.818586" m_tx="-82.106606" m_ty="-211.788651"/>
   <element name="vr_projector" layername="circle2" frame="2" z_index="2" m_a="0.819298" m_b="-0.573368" m_c="0.573368" m_d="0.819298" m_tx="57.398975" m_ty="-233.575485"/>
  </frame>
  <frame idx="425" w="2358" h="1899" x="-284.817596" y="-412.643127">
   <element name="vr_projector" layername="projector" frame="0" z_index="4" m_a="1.000000" m_b="0.000000" m_c="0.000000" m_d="1.000000" m_tx="-208.975296" m_ty="-766.143127"/>
   <element name="vr_projector" layername="circl" frame="1" z_index="3" m_a="0.796141" m_b="-0.605111" m_c="0.605111" m_d="0.796141" m_tx="-82.064789" m_ty="-211.842972"/>
   <element name="vr_projector" layername="circle2" frame="2" z_index="2" m_a="0.796825" m_b="-0.604210" m_c="0.604210" m_d="0.796825" m_tx="57.487747" m_ty="-233.575485"/>
  </frame>
  <frame idx="450" w="2367" h="1899" x="-283.640594" y="-412.643127">
   <element name="vr_projector" layername="projector" frame="0" z_index="4" m_a="1.000000" m_b="0.000000" m_c="0.000000" m_d="1.000000" m_tx="-208.975296" m_ty="-766.143127"/>
   <element name="vr_projector" layername="circl" frame="1" z_index="3" m_a="0.772543" m_b="-0.634963" m_c="0.634963" m_d="0.772543" m_tx="-82.022980" m_ty="-211.897293"/>
   <element name="vr_projector" layername="circle2" frame="2" z_index="2" m_a="0.773192" m_b="-0.634172" m_c="0.634172" m_d="0.773192" m_tx="57.576523" m_ty="-233.575485"/>
  </frame>
  <frame idx="475" w="2372" h="1899" x="-281.957642" y="-412.643127">
   <element name="vr_projector" layername="projector" frame="0" z_index="4" m_a="1.000000" m_b="0.000000" m_c="0.000000" m_d="1.000000" m_tx="-208.975296" m_ty="-766.143127"/>
   <element name="vr_projector" layername="circl" frame="1" z_index="3" m_a="0.747826" m_b="-0.663895" m_c="0.663895" m_d="0.747826" m_tx="-81.981171" m_ty="-211.951614"/>
   <element name="vr_projector" layername="circle2" frame="2" z_index="2" m_a="0.748433" m_b="-0.663211" m_c="0.663211" m_d="0.748433" m_tx="57.665298" m_ty="-233.575485"/>
  </frame>
  <frame idx="500" w="2373" h="1899" x="-279.771851" y="-412.643127">
   <element name="vr_projector" layername="projector" frame="0" z_index="4" m_a="1.000000" m_b="0.000000" m_c="0.000000" m_d="1.000000" m_tx="-208.975296" m_ty="-766.143127"/>
   <element name="vr_projector" layername="circl" frame="1" z_index="3" m_a="0.722026" m_b="-0.691866" m_c="0.691866" m_d="0.722026" m_tx="-81.939362" m_ty="-212.005936"/>
   <element name="vr_projector" layername="circle2" frame="2" z_index="2" m_a="0.722584" m_b="-0.691283" m_c="0.691283" m_d="0.722584" m_tx="57.754070" m_ty="-233.575485"/>
  </frame>
  <frame idx="525" w="2370" h="1899" x="-277.086273" y="-412.643127">
   <element name="vr_projector" layername="projector" frame="0" z_index="4" m_a="1.000000" m_b="0.000000" m_c="0.000000" m_d="1.000000" m_tx="-208.975296" m_ty="-766.143127"/>
   <element name="vr_projector" layername="circl" frame="1" z_index="3" m_a="0.695181" m_b="-0.718835" m_c="0.718835" m_d="0.695181" m_tx="-81.897552" m_ty="-212.060257"/>
   <element name="vr_projector" layername="circle2" frame="2" z_index="2" m_a="0.695683" m_b="-0.718349" m_c="0.718349" m_d="0.695683" m_tx="57.842846" m_ty="-233.575485"/>
  </frame>
  <frame idx="550" w="2366" h="1899" x="-274.904053" y="-412.643127">
   <element name="vr_projector" layername="projector" frame="0" z_index="4" m_a="1.000000" m_b="0.000000" m_c="0.000000" m_d="1.000000" m_tx="-208.975296" m_ty="-766.143127"/>
   <element name="vr_projector" layername="circl" frame="1" z_index="3" m_a="0.667329" m_b="-0.744763" m_c="0.744763" m_d="0.667329" m_tx="-81.855743" m_ty="-212.114578"/>
   <element name="vr_projector" layername="circle2" frame="2" z_index="2" m_a="0.667768" m_b="-0.744369" m_c="0.744369" m_d="0.667768" m_tx="57.931622" m_ty="-233.575485"/>
  </frame>
  <frame idx="575" w="2357" h="1906" x="-271.728271" y="-419.014160">
   <element name="vr_projector" layername="projector" frame="0" z_index="4" m_a="1.000000" m_b="0.000000" m_c="0.000000" m_d="1.000000" m_tx="-208.975296" m_ty="-766.143127"/>
   <element name="vr_projector" layername="circl" frame="1" z_index="3" m_a="0.638511" m_b="-0.769613" m_c="0.769613" m_d="0.638511" m_tx="-81.813934" m_ty="-212.168900"/>
   <element name="vr_projector" layername="circle2" frame="2" z_index="2" m_a="0.638881" m_b="-0.769305" m_c="0.769305" m_d="0.638881" m_tx="58.020397" m_ty="-233.575485"/>
  </frame>
  <frame idx="600" w="2346" h="1923" x="-268.562042" y="-435.312286">
   <element name="vr_projector" layername="projector" frame="0" z_index="4" m_a="1.000000" m_b="0.000000" m_c="0.000000" m_d="1.000000" m_tx="-208.975296" m_ty="-766.143127"/>
   <element name="vr_projector" layername="circl" frame="1" z_index="3" m_a="0.608768" m_b="-0.793348" m_c="0.793348" m_d="0.608768" m_tx="-81.772125" m_ty="-212.223221"/>
   <element name="vr_projector" layername="circle2" frame="2" z_index="2" m_a="0.609064" m_b="-0.793121" m_c="0.793121" m_d="0.609064" m_tx="58.109169" m_ty="-233.575485"/>
  </frame>
  <frame idx="625" w="2331" h="1971" x="-265.408386" y="-478.905701">
   <element name="vr_projector" layername="projector" frame="0" z_index="4" m_a="1.000000" m_b="0.000000" m_c="0.000000" m_d="1.000000" m_tx="-208.975296" m_ty="-766.143127"/>
   <element name="vr_projector" layername="circl" frame="1" z_index="3" m_a="0.578144" m_b="-0.815935" m_c="0.815935" m_d="0.578144" m_tx="-81.730316" m_ty="-212.277542"/>
   <element name="vr_projector" layername="circle2" frame="2" z_index="2" m_a="0.578360" m_b="-0.815782" m_c="0.815782" m_d="0.578360" m_tx="58.197945" m_ty="-233.575485"/>
  </frame>
  <frame idx="650" w="2314" h="2033" x="-261.770447" y="-535.902954">
   <element name="vr_projector" layername="projector" frame="0" z_index="4" m_a="1.000000" m_b="0.000000" m_c="0.000000" m_d="1.000000" m_tx="-208.975296" m_ty="-766.143127"/>
   <element name="vr_projector" layername="circl" frame="1" z_index="3" m_a="0.546683" m_b="-0.837340" m_c="0.837340" m_d="0.546683" m_tx="-81.688507" m_ty="-212.331879"/>
   <element name="vr_projector" layername="circle2" frame="2" z_index="2" m_a="0.546814" m_b="-0.837254" m_c="0.837254" m_d="0.546814" m_tx="58.286720" m_ty="-233.575485"/>
  </frame>
  <frame idx="675" w="2292" h="2096" x="-257.651184" y="-592.987915">
   <element name="vr_projector" layername="projector" frame="0" z_index="4" m_a="1.000000" m_b="0.000000" m_c="0.000000" m_d="1.000000" m_tx="-208.975296" m_ty="-766.143127"/>
   <element name="vr_projector" layername="circl" frame="1" z_index="3" m_a="0.514430" m_b="-0.857532" m_c="0.857532" m_d="0.514430" m_tx="-81.646698" m_ty="-212.386200"/>
   <element name="vr_projector" layername="circle2" frame="2" z_index="2" m_a="0.514471" m_b="-0.857508" m_c="0.857508" m_d="0.514471" m_tx="58.375492" m_ty="-233.575485"/>
  </frame>
  <frame idx="700" w="2268" h="2157" x="-253.521317" y="-649.938721">
   <element name="vr_projector" layername="projector" frame="0" z_index="4" m_a="1.000000" m_b="0.000000" m_c="0.000000" m_d="1.000000" m_tx="-208.975296" m_ty="-766.143127"/>
   <element name="vr_projector" layername="circl" frame="1" z_index="3" m_a="0.480874" m_b="-0.876790" m_c="0.876790" m_d="0.480874" m_tx="-81.606743" m_ty="-212.440994"/>
   <element name="vr_projector" layername="circle2" frame="2" z_index="2" m_a="0.480874" m_b="-0.876790" m_c="0.876790" m_d="0.480874" m_tx="58.384804" m_ty="-233.617401"/>
  </frame>
  <frame idx="725" w="2241" h="2219" x="-249.391968" y="-706.969910">
   <element name="vr_projector" layername="projector" frame="0" z_index="4" m_a="1.000000" m_b="0.000000" m_c="0.000000" m_d="1.000000" m_tx="-208.975296" m_ty="-766.143127"/>
   <element name="vr_projector" layername="circl" frame="1" z_index="3" m_a="0.446151" m_b="-0.894958" m_c="0.894958" m_d="0.446151" m_tx="-81.568237" m_ty="-212.496185"/>
   <element name="vr_projector" layername="circle2" frame="2" z_index="2" m_a="0.446151" m_b="-0.894958" m_c="0.894958" m_d="0.446151" m_tx="58.331680" m_ty="-233.692245"/>
  </frame>
  <frame idx="750" w="2210" h="2282" x="-244.792053" y="-763.824951">
   <element name="vr_projector" layername="projector" frame="0" z_index="4" m_a="1.000000" m_b="0.000000" m_c="0.000000" m_d="1.000000" m_tx="-208.975296" m_ty="-766.143127"/>
   <element name="vr_projector" layername="circl" frame="1" z_index="3" m_a="0.410743" m_b="-0.911751" m_c="0.911751" m_d="0.410743" m_tx="-81.529724" m_ty="-212.551361"/>
   <element name="vr_projector" layername="circle2" frame="2" z_index="2" m_a="0.410743" m_b="-0.911751" m_c="0.911751" m_d="0.410743" m_tx="58.278557" m_ty="-233.767105"/>
  </frame>
  <frame idx="775" w="2175" h="2342" x="-239.724762" y="-819.424622">
   <element name="vr_projector" layername="projector" frame="0" z_index="4" m_a="1.000000" m_b="0.000000" m_c="0.000000" m_d="1.000000" m_tx="-208.975296" m_ty="-766.143127"/>
   <element name="vr_projector" layername="circl" frame="1" z_index="3" m_a="0.374703" m_b="-0.927145" m_c="0.927145" m_d="0.374703" m_tx="-81.491219" m_ty="-212.606552"/>
   <element name="vr_projector" layername="circle2" frame="2" z_index="2" m_a="0.374703" m_b="-0.927145" m_c="0.927145" m_d="0.374703" m_tx="58.225433" m_ty="-233.841949"/>
  </frame>
  <frame idx="800" w="2138" h="2402" x="-234.693207" y="-874.191162">
   <element name="vr_projector" layername="projector" frame="0" z_index="4" m_a="1.000000" m_b="0.000000" m_c="0.000000" m_d="1.000000" m_tx="-208.975296" m_ty="-766.143127"/>
   <element name="vr_projector" layername="circl" frame="1" z_index="3" m_a="0.338089" m_b="-0.941114" m_c="0.941114" m_d="0.338089" m_tx="-81.452713" m_ty="-212.661728"/>
   <element name="vr_projector" layername="circle2" frame="2" z_index="2" m_a="0.338089" m_b="-0.941114" m_c="0.941114" m_d="0.338089" m_tx="58.172310" m_ty="-233.916809"/>
  </frame>
  <frame idx="825" w="2097" h="2460" x="-229.200439" y="-927.548340">
   <element name="vr_projector" layername="projector" frame="0" z_index="4" m_a="1.000000" m_b="0.000000" m_c="0.000000" m_d="1.000000" m_tx="-208.975296" m_ty="-766.143127"/>
   <element name="vr_projector" layername="circl" frame="1" z_index="3" m_a="0.300955" m_b="-0.953638" m_c="0.953638" m_d="0.300955" m_tx="-81.414207" m_ty="-212.716919"/>
   <element name="vr_projector" layername="circle2" frame="2" z_index="2" m_a="0.300955" m_b="-0.953638" m_c="0.953638" m_d="0.300955" m_tx="58.119183" m_ty="-233.991653"/>
  </frame>
  <frame idx="850" w="2054" h="2518" x="-223.749481" y="-980.420715">
   <element name="vr_projector" layername="projector" frame="0" z_index="4" m_a="1.000000" m_b="0.000000" m_c="0.000000" m_d="1.000000" m_tx="-208.975296" m_ty="-766.143127"/>
   <element name="vr_projector" layername="circl" frame="1" z_index="3" m_a="0.263359" m_b="-0.964698" m_c="0.964698" m_d="0.263359" m_tx="-81.375702" m_ty="-212.772110"/>
   <element name="vr_projector" layername="circle2" frame="2" z_index="2" m_a="0.263359" m_b="-0.964698" m_c="0.964698" m_d="0.263359" m_tx="58.066059" m_ty="-234.066498"/>
  </frame>
  <frame idx="875" w="2007" h="2574" x="-217.843246" y="-1031.734985">
   <element name="vr_projector" layername="projector" frame="0" z_index="4" m_a="1.000000" m_b="0.000000" m_c="0.000000" m_d="1.000000" m_tx="-208.975296" m_ty="-766.143127"/>
   <element name="vr_projector" layername="circl" frame="1" z_index="3" m_a="0.225358" m_b="-0.974276" m_c="0.974276" m_d="0.225358" m_tx="-81.337196" m_ty="-212.827286"/>
   <element name="vr_projector" layername="circle2" frame="2" z_index="2" m_a="0.225358" m_b="-0.974276" m_c="0.974276" m_d="0.225358" m_tx="58.012936" m_ty="-234.141357"/>
  </frame>
  <frame idx="900" w="1958" h="2628" x="-211.984604" y="-1081.918945">
   <element name="vr_projector" layername="projector" frame="0" z_index="4" m_a="1.000000" m_b="0.000000" m_c="0.000000" m_d="1.000000" m_tx="-208.975296" m_ty="-766.143127"/>
   <element name="vr_projector" layername="circl" frame="1" z_index="3" m_a="0.187012" m_b="-0.982358" m_c="0.982358" m_d="0.187012" m_tx="-81.298691" m_ty="-212.882477"/>
   <element name="vr_projector" layername="circle2" frame="2" z_index="2" m_a="0.187012" m_b="-0.982358" m_c="0.982358" m_d="0.187012" m_tx="57.959812" m_ty="-234.216202"/>
  </frame>
  <frame idx="925" w="1906" h="2682" x="-205.676361" y="-1130.902588">
   <element name="vr_projector" layername="projector" frame="0" z_index="4" m_a="1.000000" m_b="0.000000" m_c="0.000000" m_d="1.000000" m_tx="-208.975296" m_ty="-766.143127"/>
   <element name="vr_projector" layername="circl" frame="1" z_index="3" m_a="0.148378" m_b="-0.988931" m_c="0.988931" m_d="0.148378" m_tx="-81.260185" m_ty="-212.937653"/>
   <element name="vr_projector" layername="circle2" frame="2" z_index="2" m_a="0.148378" m_b="-0.988931" m_c="0.988931" m_d="0.148378" m_tx="57.906689" m_ty="-234.291061"/>
  </frame>
  <frame idx="950" w="1852" h="2734" x="-199.421234" y="-1178.617432">
   <element name="vr_projector" layername="projector" frame="0" z_index="4" m_a="1.000000" m_b="0.000000" m_c="0.000000" m_d="1.000000" m_tx="-208.975296" m_ty="-766.143127"/>
   <element name="vr_projector" layername="circl" frame="1" z_index="3" m_a="0.109516" m_b="-0.993985" m_c="0.993985" m_d="0.109516" m_tx="-81.221680" m_ty="-212.992844"/>
   <element name="vr_projector" layername="circle2" frame="2" z_index="2" m_a="0.109516" m_b="-0.993985" m_c="0.993985" m_d="0.109516" m_tx="57.853561" m_ty="-234.365906"/>
  </frame>
  <frame idx="975" w="1795" h="2784" x="-193.221863" y="-1224.497070">
   <element name="vr_projector" layername="projector" frame="0" z_index="4" m_a="1.000000" m_b="0.000000" m_c="0.000000" m_d="1.000000" m_tx="-208.975296" m_ty="-766.143127"/>
   <element name="vr_projector" layername="circl" frame="1" z_index="3" m_a="0.070486" m_b="-0.997513" m_c="0.997513" m_d="0.070486" m_tx="-81.183174" m_ty="-213.048019"/>
   <element name="vr_projector" layername="circle2" frame="2" z_index="2" m_a="0.070486" m_b="-0.997513" m_c="0.997513" m_d="0.070486" m_tx="57.800438" m_ty="-234.440750"/>
  </frame>
  <frame idx="1000" w="1736" h="2834" x="-186.580780" y="-1269.477051">
   <element name="vr_projector" layername="projector" frame="0" z_index="4" m_a="1.000000" m_b="0.000000" m_c="0.000000" m_d="1.000000" m_tx="-208.975296" m_ty="-766.143127"/>
   <element name="vr_projector" layername="circl" frame="1" z_index="3" m_a="0.031348" m_b="-0.999509" m_c="0.999509" m_d="0.031348" m_tx="-81.144669" m_ty="-213.103210"/>
   <element name="vr_projector" layername="circle2" frame="2" z_index="2" m_a="0.031348" m_b="-0.999509" m_c="0.999509" m_d="0.031348" m_tx="57.747314" m_ty="-234.515610"/>
  </frame>
  <frame idx="1025" w="1673" h="2879" x="-179.555084" y="-1311.932495">
   <element name="vr_projector" layername="projector" frame="0" z_index="4" m_a="1.000000" m_b="0.000000" m_c="0.000000" m_d="1.000000" m_tx="-208.975296" m_ty="-766.143127"/>
   <element name="vr_projector" layername="circl" frame="1" z_index="3" m_a="-0.007723" m_b="-0.999970" m_c="0.999970" m_d="-0.007723" m_tx="-81.156311" m_ty="-213.162689"/>
   <element name="vr_projector" layername="circle2" frame="2" z_index="2" m_a="-0.007700" m_b="-0.999970" m_c="0.999970" m_d="-0.007700" m_tx="57.689713" m_ty="-234.550644"/>
  </frame>
  <frame idx="1050" w="1640" h="2925" x="-175.809799" y="-1353.142090">
   <element name="vr_projector" layername="projector" frame="0" z_index="4" m_a="1.000000" m_b="0.000000" m_c="0.000000" m_d="1.000000" m_tx="-208.975296" m_ty="-766.143127"/>
   <element name="vr_projector" layername="circl" frame="1" z_index="3" m_a="-0.046320" m_b="-0.998927" m_c="0.998927" m_d="-0.046320" m_tx="-81.368568" m_ty="-213.239395"/>
   <element name="vr_projector" layername="circle2" frame="2" z_index="2" m_a="-0.046183" m_b="-0.998933" m_c="0.998933" m_d="-0.046183" m_tx="57.614193" m_ty="-234.426437"/>
  </frame>
  <frame idx="1075" w="1639" h="2967" x="-174.627975" y="-1392.319214">
   <element name="vr_projector" layername="projector" frame="0" z_index="4" m_a="1.000000" m_b="0.000000" m_c="0.000000" m_d="1.000000" m_tx="-208.975296" m_ty="-766.143127"/>
   <element name="vr_projector" layername="circl" frame="1" z_index="3" m_a="-0.084848" m_b="-0.996394" m_c="0.996394" m_d="-0.084848" m_tx="-81.580818" m_ty="-213.316086"/>
   <element name="vr_projector" layername="circle2" frame="2" z_index="2" m_a="-0.084599" m_b="-0.996415" m_c="0.996415" m_d="-0.084599" m_tx="57.538677" m_ty="-234.302231"/>
  </frame>
  <frame idx="1100" w="1637" h="3008" x="-173.011673" y="-1429.911377">
   <element name="vr_projector" layername="projector" frame="0" z_index="4" m_a="1.000000" m_b="0.000000" m_c="0.000000" m_d="1.000000" m_tx="-208.975296" m_ty="-766.143127"/>
   <element name="vr_projector" layername="circl" frame="1" z_index="3" m_a="-0.123249" m_b="-0.992376" m_c="0.992376" m_d="-0.123249" m_tx="-81.793076" m_ty="-213.392776"/>
   <element name="vr_projector" layername="circle2" frame="2" z_index="2" m_a="-0.122888" m_b="-0.992420" m_c="0.992420" m_d="-0.122888" m_tx="57.463161" m_ty="-234.178024"/>
  </frame>
  <frame idx="1125" w="1636" h="3047" x="-171.962875" y="-1465.368042">
   <element name="vr_projector" layername="projector" frame="0" z_index="4" m_a="1.000000" m_b="0.000000" m_c="0.000000" m_d="1.000000" m_tx="-208.975296" m_ty="-766.143127"/>
   <element name="vr_projector" layername="circl" frame="1" z_index="3" m_a="-0.161467" m_b="-0.986878" m_c="0.986878" m_d="-0.161467" m_tx="-82.005333" m_ty="-213.469482"/>
   <element name="vr_projector" layername="circle2" frame="2" z_index="2" m_a="-0.160996" m_b="-0.986955" m_c="0.986955" m_d="-0.160996" m_tx="57.387646" m_ty="-234.053818"/>
  </frame>
  <frame idx="1150" w="1635" h="3085" x="-170.983459" y="-1499.640869">
   <element name="vr_projector" layername="projector" frame="0" z_index="4" m_a="1.000000" m_b="0.000000" m_c="0.000000" m_d="1.000000" m_tx="-208.975296" m_ty="-766.143127"/>
   <element name="vr_projector" layername="circl" frame="1" z_index="3" m_a="-0.199444" m_b="-0.979909" m_c="0.979909" m_d="-0.199444" m_tx="-82.217583" m_ty="-213.546173"/>
   <element name="vr_projector" layername="circle2" frame="2" z_index="2" m_a="-0.198865" m_b="-0.980027" m_c="0.980027" m_d="-0.198865" m_tx="57.312126" m_ty="-233.929611"/>
  </frame>
  <frame idx="1175" w="1634" h="3119" x="-170.075211" y="-1531.184692">
   <element name="vr_projector" layername="projector" frame="0" z_index="4" m_a="1.000000" m_b="0.000000" m_c="0.000000" m_d="1.000000" m_tx="-208.975296" m_ty="-766.143127"/>
   <element name="vr_projector" layername="circl" frame="1" z_index="3" m_a="-0.237123" m_b="-0.971480" m_c="0.971480" m_d="-0.237123" m_tx="-82.429840" m_ty="-213.622864"/>
   <element name="vr_projector" layername="circle2" frame="2" z_index="2" m_a="-0.236439" m_b="-0.971646" m_c="0.971646" m_d="-0.236439" m_tx="57.236610" m_ty="-233.805405"/>
  </frame>
  <frame idx="1200" w="1633" h="3152" x="-169.239807" y="-1561.456055">
   <element name="vr_projector" layername="projector" frame="0" z_index="4" m_a="1.000000" m_b="0.000000" m_c="0.000000" m_d="1.000000" m_tx="-208.975296" m_ty="-766.143127"/>
   <element name="vr_projector" layername="circl" frame="1" z_index="3" m_a="-0.274450" m_b="-0.961601" m_c="0.961601" m_d="-0.274450" m_tx="-82.642097" m_ty="-213.699570"/>
   <element name="vr_projector" layername="circle2" frame="2" z_index="2" m_a="-0.273663" m_b="-0.961826" m_c="0.961826" m_d="-0.273663" m_tx="57.161095" m_ty="-233.681213"/>
  </frame>
  <frame idx="1225" w="1633" h="3182" x="-168.478790" y="-1589.414917">
   <element name="vr_projector" layername="projector" frame="0" z_index="4" m_a="1.000000" m_b="0.000000" m_c="0.000000" m_d="1.000000" m_tx="-208.975296" m_ty="-766.143127"/>
   <element name="vr_projector" layername="circl" frame="1" z_index="3" m_a="-0.311366" m_b="-0.950290" m_c="0.950290" m_d="-0.311366" m_tx="-82.854355" m_ty="-213.776260"/>
   <element name="vr_projector" layername="circle2" frame="2" z_index="2" m_a="-0.310481" m_b="-0.950580" m_c="0.950580" m_d="-0.310481" m_tx="57.085579" m_ty="-233.557007"/>
  </frame>
  <frame idx="1250" w="1631" h="3211" x="-167.293625" y="-1615.523560">
   <element name="vr_projector" layername="projector" frame="0" z_index="4" m_a="1.000000" m_b="0.000000" m_c="0.000000" m_d="1.000000" m_tx="-208.975296" m_ty="-766.143127"/>
   <element name="vr_projector" layername="circl" frame="1" z_index="3" m_a="-0.347819" m_b="-0.937562" m_c="0.937562" m_d="-0.347819" m_tx="-83.066605" m_ty="-213.852951"/>
   <element name="vr_projector" layername="circle2" frame="2" z_index="2" m_a="-0.346840" m_b="-0.937925" m_c="0.937925" m_d="-0.346840" m_tx="57.010063" m_ty="-233.432800"/>
  </frame>
  <frame idx="1275" w="1630" h="3237" x="-166.685638" y="-1639.247314">
   <element name="vr_projector" layername="projector" frame="0" z_index="4" m_a="1.000000" m_b="0.000000" m_c="0.000000" m_d="1.000000" m_tx="-208.975296" m_ty="-766.143127"/>
   <element name="vr_projector" layername="circl" frame="1" z_index="3" m_a="-0.383754" m_b="-0.923436" m_c="0.923436" m_d="-0.383754" m_tx="-83.278862" m_ty="-213.929657"/>
   <element name="vr_projector" layername="circle2" frame="2" z_index="2" m_a="-0.382684" m_b="-0.923880" m_c="0.923880" m_d="-0.382684" m_tx="56.934544" m_ty="-233.308594"/>
  </frame>
  <frame idx="1300" w="1630" h="3261" x="-166.156052" y="-1661.053589">
   <element name="vr_projector" layername="projector" frame="0" z_index="4" m_a="1.000000" m_b="0.000000" m_c="0.000000" m_d="1.000000" m_tx="-208.975296" m_ty="-766.143127"/>
   <element name="vr_projector" layername="circl" frame="1" z_index="3" m_a="-0.419116" m_b="-0.907933" m_c="0.907933" m_d="-0.419116" m_tx="-83.491119" m_ty="-214.006348"/>
   <element name="vr_projector" layername="circle2" frame="2" z_index="2" m_a="-0.417960" m_b="-0.908465" m_c="0.908465" m_d="-0.417960" m_tx="56.859028" m_ty="-233.184387"/>
  </frame>
  <frame idx="1325" w="1629" h="3281" x="-165.517670" y="-1680.148926">
   <element name="vr_projector" layername="projector" frame="0" z_index="4" m_a="1.000000" m_b="0.000000" m_c="0.000000" m_d="1.000000" m_tx="-208.975296" m_ty="-766.143127"/>
   <element name="vr_projector" layername="circl" frame="1" z_index="3" m_a="-0.453700" m_b="-0.891154" m_c="0.891154" m_d="-0.453700" m_tx="-83.512299" m_ty="-214.018341"/>
   <element name="vr_projector" layername="circle2" frame="2" z_index="2" m_a="-0.452618" m_b="-0.891705" m_c="0.891705" m_d="-0.452618" m_tx="56.783512" m_ty="-233.060181"/>
  </frame>
  <frame idx="1350" w="1628" h="3301" x="-164.933350" y="-1697.754028">
   <element name="vr_projector" layername="projector" frame="0" z_index="4" m_a="1.000000" m_b="0.000000" m_c="0.000000" m_d="1.000000" m_tx="-208.975296" m_ty="-766.143127"/>
   <element name="vr_projector" layername="circl" frame="1" z_index="3" m_a="-0.487594" m_b="-0.873070" m_c="0.873070" m_d="-0.487594" m_tx="-83.507423" m_ty="-214.021500"/>
   <element name="vr_projector" layername="circle2" frame="2" z_index="2" m_a="-0.486605" m_b="-0.873622" m_c="0.873622" m_d="-0.486605" m_tx="56.707996" m_ty="-232.935974"/>
  </frame>
  <frame idx="1375" w="1628" h="3316" x="-164.429565" y="-1712.383301">
   <element name="vr_projector" layername="projector" frame="0" z_index="4" m_a="1.000000" m_b="0.000000" m_c="0.000000" m_d="1.000000" m_tx="-208.975296" m_ty="-766.143127"/>
   <element name="vr_projector" layername="circl" frame="1" z_index="3" m_a="-0.520769" m_b="-0.853698" m_c="0.853698" m_d="-0.520769" m_tx="-83.502556" m_ty="-214.024673"/>
   <element name="vr_projector" layername="circle2" frame="2" z_index="2" m_a="-0.519870" m_b="-0.854245" m_c="0.854245" m_d="-0.519870" m_tx="56.632477" m_ty="-232.811768"/>
  </frame>
  <frame idx="1400" w="1628" h="3331" x="-164.007065" y="-1725.516724">
   <element name="vr_projector" layername="projector" frame="0" z_index="4" m_a="1.000000" m_b="0.000000" m_c="0.000000" m_d="1.000000" m_tx="-208.975296" m_ty="-766.143127"/>
   <element name="vr_projector" layername="circl" frame="1" z_index="3" m_a="-0.553175" m_b="-0.833065" m_c="0.833065" m_d="-0.553175" m_tx="-83.497681" m_ty="-214.027847"/>
   <element name="vr_projector" layername="circle2" frame="2" z_index="2" m_a="-0.552365" m_b="-0.833602" m_c="0.833602" m_d="-0.552365" m_tx="56.556961" m_ty="-232.687561"/>
  </frame>
  <frame idx="1425" w="1627" h="3343" x="-163.666458" y="-1736.137207">
   <element name="vr_projector" layername="projector" frame="0" z_index="4" m_a="1.000000" m_b="0.000000" m_c="0.000000" m_d="1.000000" m_tx="-208.975296" m_ty="-766.143127"/>
   <element name="vr_projector" layername="circl" frame="1" z_index="3" m_a="-0.584764" m_b="-0.811203" m_c="0.811203" m_d="-0.584764" m_tx="-83.492813" m_ty="-214.031006"/>
   <element name="vr_projector" layername="circle2" frame="2" z_index="2" m_a="-0.584041" m_b="-0.811724" m_c="0.811724" m_d="-0.584041" m_tx="56.481445" m_ty="-232.563354"/>
  </frame>
  <frame idx="1450" w="1627" h="3351" x="-163.408234" y="-1744.230225">
   <element name="vr_projector" layername="projector" frame="0" z_index="4" m_a="1.000000" m_b="0.000000" m_c="0.000000" m_d="1.000000" m_tx="-208.975296" m_ty="-766.143127"/>
   <element name="vr_projector" layername="circl" frame="1" z_index="3" m_a="-0.615490" m_b="-0.788144" m_c="0.788144" m_d="-0.615490" m_tx="-83.487938" m_ty="-214.034180"/>
   <element name="vr_projector" layername="circle2" frame="2" z_index="2" m_a="-0.614852" m_b="-0.788642" m_c="0.788642" m_d="-0.614852" m_tx="56.405926" m_ty="-232.439148"/>
  </frame>
  <frame idx="1475" w="1627" h="3358" x="-163.232788" y="-1750.284912">
   <element name="vr_projector" layername="projector" frame="0" z_index="4" m_a="1.000000" m_b="0.000000" m_c="0.000000" m_d="1.000000" m_tx="-208.975296" m_ty="-766.143127"/>
   <element name="vr_projector" layername="circl" frame="1" z_index="3" m_a="-0.645309" m_b="-0.763922" m_c="0.763922" m_d="-0.645309" m_tx="-83.483063" m_ty="-214.037354"/>
   <element name="vr_projector" layername="circle2" frame="2" z_index="2" m_a="-0.644752" m_b="-0.764392" m_c="0.764392" m_d="-0.644752" m_tx="56.330410" m_ty="-232.314941"/>
  </frame>
  <frame idx="1500" w="1627" h="3362" x="-163.140350" y="-1754.292847">
   <element name="vr_projector" layername="projector" frame="0" z_index="4" m_a="1.000000" m_b="0.000000" m_c="0.000000" m_d="1.000000" m_tx="-208.975296" m_ty="-766.143127"/>
   <element name="vr_projector" layername="circl" frame="1" z_index="3" m_a="-0.674174" m_b="-0.738572" m_c="0.738572" m_d="-0.674174" m_tx="-83.478195" m_ty="-214.040527"/>
   <element name="vr_projector" layername="circle2" frame="2" z_index="2" m_a="-0.673696" m_b="-0.739009" m_c="0.739009" m_d="-0.673696" m_tx="56.254894" m_ty="-232.190735"/>
  </frame>
  <frame idx="1525" w="1627" h="3364" x="-163.131058" y="-1755.748901">
   <element name="vr_projector" layername="projector" frame="0" z_index="4" m_a="1.000000" m_b="0.000000" m_c="0.000000" m_d="1.000000" m_tx="-208.975296" m_ty="-766.143127"/>
   <element name="vr_projector" layername="circl" frame="1" z_index="3" m_a="-0.702045" m_b="-0.712133" m_c="0.712133" m_d="-0.702045" m_tx="-83.473320" m_ty="-214.043686"/>
   <element name="vr_projector" layername="circle2" frame="2" z_index="2" m_a="-0.701641" m_b="-0.712530" m_c="0.712530" m_d="-0.701641" m_tx="56.179379" m_ty="-232.066528"/>
  </frame>
  <frame idx="1550" w="1681" h="3363" x="-213.004181" y="-1755.150879">
   <element name="vr_projector" layername="projector" frame="0" z_index="4" m_a="1.000000" m_b="0.000000" m_c="0.000000" m_d="1.000000" m_tx="-208.975296" m_ty="-766.143127"/>
   <element name="vr_projector" layername="circl" frame="1" z_index="3" m_a="-0.728880" m_b="-0.684642" m_c="0.684642" m_d="-0.728880" m_tx="-83.468452" m_ty="-214.046860"/>
   <element name="vr_projector" layername="circle2" frame="2" z_index="2" m_a="-0.728547" m_b="-0.684996" m_c="0.684996" m_d="-0.728547" m_tx="56.103859" m_ty="-231.942337"/>
  </frame>
  <frame idx="1575" w="1748" h="3361" x="-274.223083" y="-1752.499756">
   <element name="vr_projector" layername="projector" frame="0" z_index="4" m_a="1.000000" m_b="0.000000" m_c="0.000000" m_d="1.000000" m_tx="-208.975296" m_ty="-766.143127"/>
   <element name="vr_projector" layername="circl" frame="1" z_index="3" m_a="-0.754638" m_b="-0.656141" m_c="0.656141" m_d="-0.754638" m_tx="-83.463577" m_ty="-214.050034"/>
   <element name="vr_projector" layername="circle2" frame="2" z_index="2" m_a="-0.754373" m_b="-0.656446" m_c="0.656446" m_d="-0.754373" m_tx="56.028343" m_ty="-231.818130"/>
  </frame>
  <frame idx="1600" w="1814" h="3355" x="-335.376221" y="-1747.299438">
   <element name="vr_projector" layername="projector" frame="0" z_index="4" m_a="1.000000" m_b="0.000000" m_c="0.000000" m_d="1.000000" m_tx="-208.975296" m_ty="-766.143127"/>
   <element name="vr_projector" layername="circl" frame="1" z_index="3" m_a="-0.779284" m_b="-0.626671" m_c="0.626671" m_d="-0.779284" m_tx="-83.458702" m_ty="-214.053192"/>
   <element name="vr_projector" layername="circle2" frame="2" z_index="2" m_a="-0.779081" m_b="-0.626924" m_c="0.626924" m_d="-0.779081" m_tx="55.952827" m_ty="-231.693924"/>
  </frame>
  <frame idx="1625" w="1881" h="3346" x="-396.381226" y="-1739.556763">
   <element name="vr_projector" layername="projector" frame="0" z_index="4" m_a="1.000000" m_b="0.000000" m_c="0.000000" m_d="1.000000" m_tx="-208.975296" m_ty="-766.143127"/>
   <element name="vr_projector" layername="circl" frame="1" z_index="3" m_a="-0.802779" m_b="-0.596277" m_c="0.596277" m_d="-0.802779" m_tx="-83.453835" m_ty="-214.056366"/>
   <element name="vr_projector" layername="circle2" frame="2" z_index="2" m_a="-0.802634" m_b="-0.596472" m_c="0.596472" m_d="-0.802634" m_tx="55.877312" m_ty="-231.569717"/>
  </frame>
  <frame idx="1650" w="1947" h="3335" x="-457.156067" y="-1729.781738">
   <element name="vr_projector" layername="projector" frame="0" z_index="4" m_a="1.000000" m_b="0.000000" m_c="0.000000" m_d="1.000000" m_tx="-208.975296" m_ty="-766.143127"/>
   <element name="vr_projector" layername="circl" frame="1" z_index="3" m_a="-0.825089" m_b="-0.565003" m_c="0.565003" m_d="-0.825089" m_tx="-83.448959" m_ty="-214.059540"/>
   <element name="vr_projector" layername="circle2" frame="2" z_index="2" m_a="-0.824998" m_b="-0.565136" m_c="0.565136" m_d="-0.824998" m_tx="55.801796" m_ty="-231.445511"/>
  </frame>
  <frame idx="1675" w="2013" h="3323" x="-517.618896" y="-1717.987305">
   <element name="vr_projector" layername="projector" frame="0" z_index="4" m_a="1.000000" m_b="0.000000" m_c="0.000000" m_d="1.000000" m_tx="-208.975296" m_ty="-766.143127"/>
   <element name="vr_projector" layername="circl" frame="1" z_index="3" m_a="-0.846182" m_b="-0.532895" m_c="0.532895" m_d="-0.846182" m_tx="-83.444092" m_ty="-214.062698"/>
   <element name="vr_projector" layername="circle2" frame="2" z_index="2" m_a="-0.846138" m_b="-0.532963" m_c="0.532963" m_d="-0.846138" m_tx="55.726276" m_ty="-231.321304"/>
  </frame>
  <frame idx="1700" w="2086" h="3315" x="-584.709839" y="-1711.209961">
   <element name="vr_projector" layername="projector" frame="0" z_index="4" m_a="1.000000" m_b="0.000000" m_c="0.000000" m_d="1.000000" m_tx="-208.975296" m_ty="-766.143127"/>
   <element name="vr_projector" layername="circl" frame="1" z_index="3" m_a="-0.866025" m_b="-0.500000" m_c="0.500000" m_d="-0.866025" m_tx="-83.439217" m_ty="-214.065872"/>
   <element name="vr_projector" layername="circle2" frame="2" z_index="2" m_a="-0.866025" m_b="-0.500000" m_c="0.500000" m_d="-0.866025" m_tx="55.650761" m_ty="-231.197098"/>
  </frame>
  <frame idx="1725" w="2168" h="3314" x="-659.767639" y="-1710.241211">
   <element name="vr_projector" layername="projector" frame="0" z_index="4" m_a="1.000000" m_b="0.000000" m_c="0.000000" m_d="1.000000" m_tx="-208.975296" m_ty="-766.143127"/>
   <element name="vr_projector" layername="circl" frame="1" z_index="3" m_a="-0.884629" m_b="-0.466296" m_c="0.466296" m_d="-0.884629" m_tx="-83.514107" m_ty="-214.053345"/>
   <element name="vr_projector" layername="circle2" frame="2" z_index="2" m_a="-0.884629" m_b="-0.466296" m_c="0.466296" m_d="-0.884629" m_tx="55.650761" m_ty="-231.296463"/>
  </frame>
  <frame idx="1750" w="2249" h="3310" x="-733.533020" y="-1706.565308">
   <element name="vr_projector" layername="projector" frame="0" z_index="4" m_a="1.000000" m_b="0.000000" m_c="0.000000" m_d="1.000000" m_tx="-208.975296" m_ty="-766.143127"/>
   <element name="vr_projector" layername="circl" frame="1" z_index="3" m_a="-0.901921" m_b="-0.431901" m_c="0.431901" m_d="-0.901921" m_tx="-83.588997" m_ty="-214.040802"/>
   <element name="vr_projector" layername="circle2" frame="2" z_index="2" m_a="-0.901921" m_b="-0.431901" m_c="0.431901" m_d="-0.901921" m_tx="55.650761" m_ty="-231.395828"/>
  </frame>
  <frame idx="1775" w="2328" h="3304" x="-806.406616" y="-1700.686646">
   <element name="vr_projector" layername="projector" frame="0" z_index="4" m_a="1.000000" m_b="0.000000" m_c="0.000000" m_d="1.000000" m_tx="-208.975296" m_ty="-766.143127"/>
   <element name="vr_projector" layername="circl" frame="1" z_index="3" m_a="-0.917877" m_b="-0.396865" m_c="0.396865" m_d="-0.917877" m_tx="-83.663887" m_ty="-214.028275"/>
   <element name="vr_projector" layername="circle2" frame="2" z_index="2" m_a="-0.917877" m_b="-0.396865" m_c="0.396865" m_d="-0.917877" m_tx="55.650761" m_ty="-231.495193"/>
  </frame>
  <frame idx="1800" w="2406" h="3295" x="-878.290588" y="-1692.613281">
   <element name="vr_projector" layername="projector" frame="0" z_index="4" m_a="1.000000" m_b="0.000000" m_c="0.000000" m_d="1.000000" m_tx="-208.975296" m_ty="-766.143127"/>
   <element name="vr_projector" layername="circl" frame="1" z_index="3" m_a="-0.932472" m_b="-0.361242" m_c="0.361242" m_d="-0.932472" m_tx="-83.738777" m_ty="-214.015747"/>
   <element name="vr_projector" layername="circle2" frame="2" z_index="2" m_a="-0.932472" m_b="-0.361242" m_c="0.361242" m_d="-0.932472" m_tx="55.650761" m_ty="-231.594559"/>
  </frame>
  <frame idx="1825" w="2484" h="3283" x="-949.087463" y="-1681.856445">
   <element name="vr_projector" layername="projector" frame="0" z_index="4" m_a="1.000000" m_b="0.000000" m_c="0.000000" m_d="1.000000" m_tx="-208.975296" m_ty="-766.143127"/>
   <element name="vr_projector" layername="circl" frame="1" z_index="3" m_a="-0.945686" m_b="-0.325082" m_c="0.325082" m_d="-0.945686" m_tx="-83.813660" m_ty="-214.003220"/>
   <element name="vr_projector" layername="circle2" frame="2" z_index="2" m_a="-0.945686" m_b="-0.325082" m_c="0.325082" m_d="-0.945686" m_tx="55.650761" m_ty="-231.693924"/>
  </frame>
  <frame idx="1850" w="2560" h="3268" x="-1018.701294" y="-1668.430664">
   <element name="vr_projector" layername="projector" frame="0" z_index="4" m_a="1.000000" m_b="0.000000" m_c="0.000000" m_d="1.000000" m_tx="-208.975296" m_ty="-766.143127"/>
   <element name="vr_projector" layername="circl" frame="1" z_index="3" m_a="-0.957497" m_b="-0.288442" m_c="0.288442" m_d="-0.957497" m_tx="-83.888550" m_ty="-213.990677"/>
   <element name="vr_projector" layername="circle2" frame="2" z_index="2" m_a="-0.957497" m_b="-0.288442" m_c="0.288442" m_d="-0.957497" m_tx="55.650761" m_ty="-231.793274"/>
  </frame>
  <frame idx="1875" w="2634" h="3251" x="-1086.540039" y="-1652.853394">
   <element name="vr_projector" layername="projector" frame="0" z_index="4" m_a="1.000000" m_b="0.000000" m_c="0.000000" m_d="1.000000" m_tx="-208.975296" m_ty="-766.143127"/>
   <element name="vr_projector" layername="circl" frame="1" z_index="3" m_a="-0.967890" m_b="-0.251374" m_c="0.251374" m_d="-0.967890" m_tx="-83.963440" m_ty="-213.978149"/>
   <element name="vr_projector" layername="circle2" frame="2" z_index="2" m_a="-0.967890" m_b="-0.251374" m_c="0.251374" m_d="-0.967890" m_tx="55.650761" m_ty="-231.892639"/>
  </frame>
  <frame idx="1900" w="2706" h="3232" x="-1153.011230" y="-1635.145752">
   <element name="vr_projector" layername="projector" frame="0" z_index="4" m_a="1.000000" m_b="0.000000" m_c="0.000000" m_d="1.000000" m_tx="-208.975296" m_ty="-766.143127"/>
   <element name="vr_projector" layername="circl" frame="1" z_index="3" m_a="-0.976848" m_b="-0.213933" m_c="0.213933" m_d="-0.976848" m_tx="-84.038330" m_ty="-213.965622"/>
   <element name="vr_projector" layername="circle2" frame="2" z_index="2" m_a="-0.976848" m_b="-0.213933" m_c="0.213933" m_d="-0.976848" m_tx="55.650761" m_ty="-231.992004"/>
  </frame>
  <frame idx="1925" w="2777" h="3211" x="-1218.024780" y="-1615.331787">
   <element name="vr_projector" layername="projector" frame="0" z_index="4" m_a="1.000000" m_b="0.000000" m_c="0.000000" m_d="1.000000" m_tx="-208.975296" m_ty="-766.143127"/>
   <element name="vr_projector" layername="circl" frame="1" z_index="3" m_a="-0.984359" m_b="-0.176175" m_c="0.176175" m_d="-0.984359" m_tx="-84.113220" m_ty="-213.953094"/>
   <element name="vr_projector" layername="circle2" frame="2" z_index="2" m_a="-0.984359" m_b="-0.176175" m_c="0.176175" m_d="-0.984359" m_tx="55.650761" m_ty="-232.091370"/>
  </frame>
  <frame idx="1950" w="2847" h="3185" x="-1281.494385" y="-1592.438354">
   <element name="vr_projector" layername="projector" frame="0" z_index="4" m_a="1.000000" m_b="0.000000" m_c="0.000000" m_d="1.000000" m_tx="-208.975296" m_ty="-766.143127"/>
   <element name="vr_projector" layername="circl" frame="1" z_index="3" m_a="-0.990410" m_b="-0.138156" m_c="0.138156" m_d="-0.990410" m_tx="-84.188110" m_ty="-213.940567"/>
   <element name="vr_projector" layername="circle2" frame="2" z_index="2" m_a="-0.990410" m_b="-0.138156" m_c="0.138156" m_d="-0.990410" m_tx="55.650761" m_ty="-232.190735"/>
  </frame>
  <frame idx="1975" w="2913" h="3159" x="-1342.833862" y="-1567.995972">
   <element name="vr_projector" layername="projector" frame="0" z_index="4" m_a="1.000000" m_b="0.000000" m_c="0.000000" m_d="1.000000" m_tx="-208.975296" m_ty="-766.143127"/>
   <element name="vr_projector" layername="circl" frame="1" z_index="3" m_a="-0.994994" m_b="-0.099933" m_c="0.099933" m_d="-0.994994" m_tx="-84.263000" m_ty="-213.928024"/>
   <element name="vr_projector" layername="circle2" frame="2" z_index="2" m_a="-0.994994" m_b="-0.099933" m_c="0.099933" m_d="-0.994994" m_tx="55.650761" m_ty="-232.290100"/>
  </frame>
  <frame idx="2000" w="2978" h="3130" x="-1402.460938" y="-1541.037720">
   <element name="vr_projector" layername="projector" frame="0" z_index="4" m_a="1.000000" m_b="0.000000" m_c="0.000000" m_d="1.000000" m_tx="-208.975296" m_ty="-766.143127"/>
   <element name="vr_projector" layername="circl" frame="1" z_index="3" m_a="-0.998103" m_b="-0.061561" m_c="0.061561" m_d="-0.998103" m_tx="-84.337891" m_ty="-213.915497"/>
   <element name="vr_projector" layername="circle2" frame="2" z_index="2" m_a="-0.998103" m_b="-0.061561" m_c="0.061561" m_d="-0.998103" m_tx="55.650761" m_ty="-232.389465"/>
  </frame>
  <frame idx="2025" w="3041" h="3098" x="-1459.795532" y="-1512.099731">
   <element name="vr_projector" layername="projector" frame="0" z_index="4" m_a="1.000000" m_b="0.000000" m_c="0.000000" m_d="1.000000" m_tx="-208.975296" m_ty="-766.143127"/>
   <element name="vr_projector" layername="circl" frame="1" z_index="3" m_a="-0.999733" m_b="-0.023098" m_c="0.023098" m_d="-0.999733" m_tx="-84.412773" m_ty="-213.902969"/>
   <element name="vr_projector" layername="circle2" frame="2" z_index="2" m_a="-0.999733" m_b="-0.023098" m_c="0.023098" m_d="-0.999733" m_tx="55.650761" m_ty="-232.488831"/>
  </frame>
  <frame idx="2050" w="3077" h="3077" x="-1493.303223" y="-1493.303101">
   <element name="vr_projector" layername="projector" frame="0" z_index="4" m_a="1.000000" m_b="0.000000" m_c="0.000000" m_d="1.000000" m_tx="-208.975296" m_ty="-766.143127"/>
   <element name="vr_projector" layername="circl" frame="1" z_index="3" m_a="-1.000000" m_b="0.000000" m_c="-0.000000" m_d="-1.000000" m_tx="-84.457710" m_ty="-213.895447"/>
   <element name="vr_projector" layername="circle2" frame="2" z_index="2" m_a="-1.000000" m_b="0.000000" m_c="-0.000000" m_d="-1.000000" m_tx="55.650761" m_ty="-232.548447"/>
  </frame>
  <frame idx="2075" w="3077" h="3077" x="-1493.303223" y="-1493.303101">
   <element name="vr_projector" layername="projector" frame="0" z_index="4" m_a="1.000000" m_b="0.000000" m_c="0.000000" m_d="1.000000" m_tx="-208.975296" m_ty="-766.143127"/>
   <element name="vr_projector" layername="circl" frame="1" z_index="3" m_a="-1.000000" m_b="0.000000" m_c="-0.000000" m_d="-1.000000" m_tx="-84.457710" m_ty="-213.895447"/>
   <element name="vr_projector" layername="circle2" frame="2" z_index="2" m_a="-1.000000" m_b="0.000000" m_c="-0.000000" m_d="-1.000000" m_tx="55.650761" m_ty="-232.548447"/>
  </frame>
  <frame idx="2100" w="3077" h="3077" x="-1493.303223" y="-1493.303101">
   <element name="vr_projector" layername="projector" frame="0" z_index="4" m_a="1.000000" m_b="0.000000" m_c="0.000000" m_d="1.000000" m_tx="-208.975296" m_ty="-766.143127"/>
   <element name="vr_projector" layername="circl" frame="1" z_index="3" m_a="-1.000000" m_b="0.000000" m_c="-0.000000" m_d="-1.000000" m_tx="-84.457710" m_ty="-213.895447"/>
   <element name="vr_projector" layername="circle2" frame="2" z_index="2" m_a="-1.000000" m_b="0.000000" m_c="-0.000000" m_d="-1.000000" m_tx="55.650761" m_ty="-232.548447"/>
  </frame>
  <frame idx="2125" w="3077" h="3077" x="-1493.303223" y="-1493.303101">
   <element name="vr_projector" layername="projector" frame="0" z_index="4" m_a="1.000000" m_b="0.000000" m_c="0.000000" m_d="1.000000" m_tx="-208.975296" m_ty="-766.143127"/>
   <element name="vr_projector" layername="circl" frame="1" z_index="3" m_a="-1.000000" m_b="0.000000" m_c="-0.000000" m_d="-1.000000" m_tx="-84.457710" m_ty="-213.895447"/>
   <element name="vr_projector" layername="circle2" frame="2" z_index="2" m_a="-1.000000" m_b="0.000000" m_c="-0.000000" m_d="-1.000000" m_tx="55.650761" m_ty="-232.548447"/>
  </frame>
  <frame idx="2150" w="3077" h="3077" x="-1493.303223" y="-1493.303101">
   <element name="vr_projector" layername="projector" frame="0" z_index="4" m_a="1.000000" m_b="0.000000" m_c="0.000000" m_d="1.000000" m_tx="-208.975296" m_ty="-766.143127"/>
   <element name="vr_projector" layername="circl" frame="1" z_index="3" m_a="-1.000000" m_b="0.000000" m_c="-0.000000" m_d="-1.000000" m_tx="-84.457710" m_ty="-213.895447"/>
   <element name="vr_projector" layername="circle2" frame="2" z_index="2" m_a="-1.000000" m_b="0.000000" m_c="-0.000000" m_d="-1.000000" m_tx="55.650761" m_ty="-232.548447"/>
  </frame>
  <frame idx="2175" w="3077" h="3077" x="-1493.303223" y="-1493.303101">
   <element name="vr_projector" layername="projector" frame="0" z_index="4" m_a="1.000000" m_b="0.000000" m_c="0.000000" m_d="1.000000" m_tx="-208.975296" m_ty="-766.143127"/>
   <element name="vr_projector" layername="circl" frame="1" z_index="3" m_a="-1.000000" m_b="0.000000" m_c="-0.000000" m_d="-1.000000" m_tx="-84.457710" m_ty="-213.895447"/>
   <element name="vr_projector" layername="circle2" frame="2" z_index="2" m_a="-1.000000" m_b="0.000000" m_c="-0.000000" m_d="-1.000000" m_tx="55.650761" m_ty="-232.548447"/>
  </frame>
 </anim>
</Anims>
