<Anims>
 <anim name="work" root="vr_camera" numframes="2000" framerate="40">
  <frame idx="0" w="260" h="354" x="-32.000000" y="-101.000000">
   <element name="vr_camera" layername="vr_camera" frame="0" z_index="2" m_a="1.000000" m_b="0.000000" m_c="0.000000" m_d="1.000000" m_tx="-118.000000" m_ty="-188.000000"/>
  </frame>
  <frame idx="25" w="260" h="377" x="-32.000000" y="-122.439651">
   <element name="vr_camera" layername="vr_camera" frame="0" z_index="2" m_a="1.000000" m_b="0.000000" m_c="0.000000" m_d="1.000000" m_tx="-118.000000" m_ty="-207.439651"/>
  </frame>
  <frame idx="50" w="260" h="401" x="-32.000000" y="-143.879303">
   <element name="vr_camera" layername="vr_camera" frame="0" z_index="2" m_a="1.000000" m_b="0.000000" m_c="0.000000" m_d="1.000000" m_tx="-118.000000" m_ty="-226.879303"/>
  </frame>
  <frame idx="75" w="260" h="424" x="-32.000000" y="-165.318970">
   <element name="vr_camera" layername="vr_camera" frame="0" z_index="2" m_a="1.000000" m_b="0.000000" m_c="0.000000" m_d="1.000000" m_tx="-118.000000" m_ty="-246.318970"/>
  </frame>
  <frame idx="100" w="260" h="448" x="-32.000000" y="-186.758606">
   <element name="vr_camera" layername="vr_camera" frame="0" z_index="2" m_a="1.000000" m_b="0.000000" m_c="0.000000" m_d="1.000000" m_tx="-118.000000" m_ty="-265.758606"/>
  </frame>
  <frame idx="125" w="260" h="471" x="-32.000000" y="-208.198273">
   <element name="vr_camera" layername="vr_camera" frame="0" z_index="2" m_a="1.000000" m_b="0.000000" m_c="0.000000" m_d="1.000000" m_tx="-118.000000" m_ty="-285.198273"/>
  </frame>
  <frame idx="150" w="260" h="495" x="-32.000000" y="-229.637939">
   <element name="vr_camera" layername="vr_camera" frame="0" z_index="2" m_a="1.000000" m_b="0.000000" m_c="0.000000" m_d="1.000000" m_tx="-118.000000" m_ty="-304.637939"/>
  </frame>
  <frame idx="175" w="260" h="518" x="-32.000000" y="-251.077576">
   <element name="vr_camera" layername="vr_camera" frame="0" z_index="2" m_a="1.000000" m_b="0.000000" m_c="0.000000" m_d="1.000000" m_tx="-118.000000" m_ty="-324.077576"/>
  </frame>
  <frame idx="200" w="260" h="542" x="-32.000000" y="-272.517242">
   <element name="vr_camera" layername="vr_camera" frame="0" z_index="2" m_a="1.000000" m_b="0.000000" m_c="0.000000" m_d="1.000000" m_tx="-118.000000" m_ty="-343.517242"/>
  </frame>
  <frame idx="225" w="260" h="564" x="-32.000000" y="-293.456879">
   <element name="vr_camera" layername="vr_camera" frame="0" z_index="2" m_a="1.000000" m_b="0.000000" m_c="0.000000" m_d="1.000000" m_tx="-118.000000" m_ty="-362.956879"/>
  </frame>
  <frame idx="250" w="260" h="587" x="-32.000000" y="-314.896545">
   <element name="vr_camera" layername="vr_camera" frame="0" z_index="2" m_a="1.000000" m_b="0.000000" m_c="0.000000" m_d="1.000000" m_tx="-118.000000" m_ty="-382.396545"/>
  </frame>
  <frame idx="275" w="260" h="611" x="-32.000000" y="-336.336212">
   <element name="vr_camera" layername="vr_camera" frame="0" z_index="2" m_a="1.000000" m_b="0.000000" m_c="0.000000" m_d="1.000000" m_tx="-118.000000" m_ty="-401.836212"/>
  </frame>
  <frame idx="300" w="260" h="634" x="-32.000000" y="-357.775848">
   <element name="vr_camera" layername="vr_camera" frame="0" z_index="2" m_a="1.000000" m_b="0.000000" m_c="0.000000" m_d="1.000000" m_tx="-118.000000" m_ty="-421.275848"/>
  </frame>
  <frame idx="325" w="260" h="658" x="-32.000000" y="-379.215515">
   <element name="vr_camera" layername="vr_camera" frame="0" z_index="2" m_a="1.000000" m_b="0.000000" m_c="0.000000" m_d="1.000000" m_tx="-118.000000" m_ty="-440.715515"/>
  </frame>
  <frame idx="350" w="260" h="681" x="-32.000000" y="-400.655182">
   <element name="vr_camera" layername="vr_camera" frame="0" z_index="2" m_a="1.000000" m_b="0.000000" m_c="0.000000" m_d="1.000000" m_tx="-118.000000" m_ty="-460.155182"/>
  </frame>
  <frame idx="375" w="260" h="705" x="-32.000000" y="-422.094818">
   <element name="vr_camera" layername="vr_camera" frame="0" z_index="2" m_a="1.000000" m_b="0.000000" m_c="0.000000" m_d="1.000000" m_tx="-118.000000" m_ty="-479.594818"/>
  </frame>
  <frame idx="400" w="260" h="728" x="-32.000000" y="-443.534454">
   <element name="vr_camera" layername="vr_camera" frame="0" z_index="2" m_a="1.000000" m_b="0.000000" m_c="0.000000" m_d="1.000000" m_tx="-118.000000" m_ty="-499.034454"/>
  </frame>
  <frame idx="425" w="260" h="750" x="-32.000000" y="-464.474121">
   <element name="vr_camera" layername="vr_camera" frame="0" z_index="2" m_a="1.000000" m_b="0.000000" m_c="0.000000" m_d="1.000000" m_tx="-118.000000" m_ty="-518.474121"/>
  </frame>
  <frame idx="450" w="260" h="775" x="-32.000000" y="-486.413757">
   <element name="vr_camera" layername="vr_camera" frame="0" z_index="2" m_a="1.000000" m_b="0.000000" m_c="0.000000" m_d="1.000000" m_tx="-118.000000" m_ty="-537.913757"/>
  </frame>
  <frame idx="475" w="260" h="779" x="-32.000000" y="-490.347168">
   <element name="vr_camera" layername="vr_camera" frame="0" z_index="2" m_a="1.000000" m_b="0.000000" m_c="0.000000" m_d="1.000000" m_tx="-118.000000" m_ty="-541.847168"/>
  </frame>
  <frame idx="500" w="260" h="760" x="-32.000000" y="-473.045288">
   <element name="vr_camera" layername="vr_camera" frame="0" z_index="2" m_a="1.000000" m_b="0.000000" m_c="0.000000" m_d="1.000000" m_tx="-118.000000" m_ty="-526.045288"/>
  </frame>
  <frame idx="525" w="260" h="741" x="-32.000000" y="-455.743378">
   <element name="vr_camera" layername="vr_camera" frame="0" z_index="2" m_a="1.000000" m_b="0.000000" m_c="0.000000" m_d="1.000000" m_tx="-118.000000" m_ty="-510.243378"/>
  </frame>
  <frame idx="550" w="260" h="722" x="-32.000000" y="-438.441498">
   <element name="vr_camera" layername="vr_camera" frame="0" z_index="2" m_a="1.000000" m_b="0.000000" m_c="0.000000" m_d="1.000000" m_tx="-118.000000" m_ty="-494.441498"/>
  </frame>
  <frame idx="575" w="260" h="704" x="-32.000000" y="-421.139618">
   <element name="vr_camera" layername="vr_camera" frame="0" z_index="2" m_a="1.000000" m_b="0.000000" m_c="0.000000" m_d="1.000000" m_tx="-118.000000" m_ty="-478.639618"/>
  </frame>
  <frame idx="600" w="260" h="684" x="-32.000000" y="-403.337738">
   <element name="vr_camera" layername="vr_camera" frame="0" z_index="2" m_a="1.000000" m_b="0.000000" m_c="0.000000" m_d="1.000000" m_tx="-118.000000" m_ty="-462.837738"/>
  </frame>
  <frame idx="625" w="260" h="665" x="-32.000000" y="-386.035828">
   <element name="vr_camera" layername="vr_camera" frame="0" z_index="2" m_a="1.000000" m_b="0.000000" m_c="0.000000" m_d="1.000000" m_tx="-118.000000" m_ty="-447.035828"/>
  </frame>
  <frame idx="650" w="260" h="646" x="-32.000000" y="-368.733948">
   <element name="vr_camera" layername="vr_camera" frame="0" z_index="2" m_a="1.000000" m_b="0.000000" m_c="0.000000" m_d="1.000000" m_tx="-118.000000" m_ty="-431.233948"/>
  </frame>
  <frame idx="675" w="260" h="627" x="-32.000000" y="-351.432068">
   <element name="vr_camera" layername="vr_camera" frame="0" z_index="2" m_a="1.000000" m_b="0.000000" m_c="0.000000" m_d="1.000000" m_tx="-118.000000" m_ty="-415.432068"/>
  </frame>
  <frame idx="700" w="260" h="609" x="-32.000000" y="-334.130157">
   <element name="vr_camera" layername="vr_camera" frame="0" z_index="2" m_a="1.000000" m_b="0.000000" m_c="0.000000" m_d="1.000000" m_tx="-118.000000" m_ty="-399.630157"/>
  </frame>
  <frame idx="725" w="260" h="590" x="-32.000000" y="-316.828278">
   <element name="vr_camera" layername="vr_camera" frame="0" z_index="2" m_a="1.000000" m_b="0.000000" m_c="0.000000" m_d="1.000000" m_tx="-118.000000" m_ty="-383.828278"/>
  </frame>
  <frame idx="750" w="260" h="570" x="-32.000000" y="-299.026398">
   <element name="vr_camera" layername="vr_camera" frame="0" z_index="2" m_a="1.000000" m_b="0.000000" m_c="0.000000" m_d="1.000000" m_tx="-118.000000" m_ty="-368.026398"/>
  </frame>
  <frame idx="775" w="260" h="551" x="-32.000000" y="-281.724518">
   <element name="vr_camera" layername="vr_camera" frame="0" z_index="2" m_a="1.000000" m_b="0.000000" m_c="0.000000" m_d="1.000000" m_tx="-118.000000" m_ty="-352.224518"/>
  </frame>
  <frame idx="800" w="260" h="560" x="-32.028435" y="-289.731262">
   <element name="vr_camera" layername="vr_camera" frame="0" z_index="2" m_a="1.000000" m_b="0.000000" m_c="0.000000" m_d="1.000000" m_tx="-118.028435" m_ty="-359.231262"/>
  </frame>
  <frame idx="825" w="260" h="579" x="-32.067932" y="-307.108032">
   <element name="vr_camera" layername="vr_camera" frame="0" z_index="2" m_a="1.000000" m_b="0.000000" m_c="0.000000" m_d="1.000000" m_tx="-118.067932" m_ty="-375.108032"/>
  </frame>
  <frame idx="850" w="260" h="598" x="-32.107422" y="-324.484833">
   <element name="vr_camera" layername="vr_camera" frame="0" z_index="2" m_a="1.000000" m_b="0.000000" m_c="0.000000" m_d="1.000000" m_tx="-118.107422" m_ty="-390.984833"/>
  </frame>
  <frame idx="875" w="260" h="617" x="-32.146919" y="-341.861603">
   <element name="vr_camera" layername="vr_camera" frame="0" z_index="2" m_a="1.000000" m_b="0.000000" m_c="0.000000" m_d="1.000000" m_tx="-118.146919" m_ty="-406.861603"/>
  </frame>
  <frame idx="900" w="260" h="636" x="-32.186417" y="-359.238373">
   <element name="vr_camera" layername="vr_camera" frame="0" z_index="2" m_a="1.000000" m_b="0.000000" m_c="0.000000" m_d="1.000000" m_tx="-118.186417" m_ty="-422.738373"/>
  </frame>
  <frame idx="925" w="260" h="654" x="-32.225906" y="-376.615143">
   <element name="vr_camera" layername="vr_camera" frame="0" z_index="2" m_a="1.000000" m_b="0.000000" m_c="0.000000" m_d="1.000000" m_tx="-118.225906" m_ty="-438.615143"/>
  </frame>
  <frame idx="950" w="260" h="674" x="-32.265404" y="-394.491943">
   <element name="vr_camera" layername="vr_camera" frame="0" z_index="2" m_a="1.000000" m_b="0.000000" m_c="0.000000" m_d="1.000000" m_tx="-118.265404" m_ty="-454.491943"/>
  </frame>
  <frame idx="975" w="260" h="693" x="-32.304901" y="-411.868713">
   <element name="vr_camera" layername="vr_camera" frame="0" z_index="2" m_a="1.000000" m_b="0.000000" m_c="0.000000" m_d="1.000000" m_tx="-118.304901" m_ty="-470.368713"/>
  </frame>
  <frame idx="1000" w="260" h="712" x="-32.344391" y="-429.245483">
   <element name="vr_camera" layername="vr_camera" frame="0" z_index="2" m_a="1.000000" m_b="0.000000" m_c="0.000000" m_d="1.000000" m_tx="-118.344391" m_ty="-486.245483"/>
  </frame>
  <frame idx="1025" w="260" h="731" x="-32.383888" y="-446.622253">
   <element name="vr_camera" layername="vr_camera" frame="0" z_index="2" m_a="1.000000" m_b="0.000000" m_c="0.000000" m_d="1.000000" m_tx="-118.383888" m_ty="-502.122253"/>
  </frame>
  <frame idx="1050" w="260" h="750" x="-32.423378" y="-463.999023">
   <element name="vr_camera" layername="vr_camera" frame="0" z_index="2" m_a="1.000000" m_b="0.000000" m_c="0.000000" m_d="1.000000" m_tx="-118.423378" m_ty="-517.999023"/>
  </frame>
  <frame idx="1075" w="260" h="768" x="-32.462875" y="-481.375793">
   <element name="vr_camera" layername="vr_camera" frame="0" z_index="2" m_a="1.000000" m_b="0.000000" m_c="0.000000" m_d="1.000000" m_tx="-118.462875" m_ty="-533.875793"/>
  </frame>
  <frame idx="1100" w="260" h="788" x="-32.502373" y="-499.252563">
   <element name="vr_camera" layername="vr_camera" frame="0" z_index="2" m_a="1.000000" m_b="0.000000" m_c="0.000000" m_d="1.000000" m_tx="-118.502373" m_ty="-549.752563"/>
  </frame>
  <frame idx="1125" w="260" h="807" x="-32.541862" y="-516.629395">
   <element name="vr_camera" layername="vr_camera" frame="0" z_index="2" m_a="1.000000" m_b="0.000000" m_c="0.000000" m_d="1.000000" m_tx="-118.541862" m_ty="-565.629395"/>
  </frame>
  <frame idx="1150" w="260" h="826" x="-32.581360" y="-534.006165">
   <element name="vr_camera" layername="vr_camera" frame="0" z_index="2" m_a="1.000000" m_b="0.000000" m_c="0.000000" m_d="1.000000" m_tx="-118.581360" m_ty="-581.506165"/>
  </frame>
  <frame idx="1175" w="260" h="845" x="-32.620850" y="-551.382935">
   <element name="vr_camera" layername="vr_camera" frame="0" z_index="2" m_a="1.000000" m_b="0.000000" m_c="0.000000" m_d="1.000000" m_tx="-118.620850" m_ty="-597.382935"/>
  </frame>
  <frame idx="1200" w="260" h="865" x="-32.660347" y="-569.259705">
   <element name="vr_camera" layername="vr_camera" frame="0" z_index="2" m_a="1.000000" m_b="0.000000" m_c="0.000000" m_d="1.000000" m_tx="-118.660347" m_ty="-613.259705"/>
  </frame>
  <frame idx="1225" w="260" h="883" x="-32.699844" y="-586.636475">
   <element name="vr_camera" layername="vr_camera" frame="0" z_index="2" m_a="1.000000" m_b="0.000000" m_c="0.000000" m_d="1.000000" m_tx="-118.699844" m_ty="-629.136475"/>
  </frame>
  <frame idx="1250" w="260" h="902" x="-32.739334" y="-604.013245">
   <element name="vr_camera" layername="vr_camera" frame="0" z_index="2" m_a="1.000000" m_b="0.000000" m_c="0.000000" m_d="1.000000" m_tx="-118.739334" m_ty="-645.013245"/>
  </frame>
  <frame idx="1275" w="260" h="921" x="-32.778831" y="-621.390015">
   <element name="vr_camera" layername="vr_camera" frame="0" z_index="2" m_a="1.000000" m_b="0.000000" m_c="0.000000" m_d="1.000000" m_tx="-118.778831" m_ty="-660.890015"/>
  </frame>
  <frame idx="1300" w="260" h="940" x="-32.818329" y="-638.766846">
   <element name="vr_camera" layername="vr_camera" frame="0" z_index="2" m_a="1.000000" m_b="0.000000" m_c="0.000000" m_d="1.000000" m_tx="-118.818329" m_ty="-676.766846"/>
  </frame>
  <frame idx="1325" w="260" h="959" x="-32.857819" y="-656.143616">
   <element name="vr_camera" layername="vr_camera" frame="0" z_index="2" m_a="1.000000" m_b="0.000000" m_c="0.000000" m_d="1.000000" m_tx="-118.857819" m_ty="-692.643616"/>
  </frame>
  <frame idx="1350" w="260" h="979" x="-32.897316" y="-674.020386">
   <element name="vr_camera" layername="vr_camera" frame="0" z_index="2" m_a="1.000000" m_b="0.000000" m_c="0.000000" m_d="1.000000" m_tx="-118.897316" m_ty="-708.520386"/>
  </frame>
  <frame idx="1375" w="260" h="997" x="-32.936806" y="-691.397156">
   <element name="vr_camera" layername="vr_camera" frame="0" z_index="2" m_a="1.000000" m_b="0.000000" m_c="0.000000" m_d="1.000000" m_tx="-118.936806" m_ty="-724.397156"/>
  </frame>
  <frame idx="1400" w="260" h="1016" x="-32.976303" y="-708.773926">
   <element name="vr_camera" layername="vr_camera" frame="0" z_index="2" m_a="1.000000" m_b="0.000000" m_c="0.000000" m_d="1.000000" m_tx="-118.976303" m_ty="-740.273926"/>
  </frame>
  <frame idx="1425" w="260" h="1012" x="-32.979034" y="-705.162659">
   <element name="vr_camera" layername="vr_camera" frame="0" z_index="2" m_a="1.000000" m_b="0.000000" m_c="0.000000" m_d="1.000000" m_tx="-118.979034" m_ty="-737.162659"/>
  </frame>
  <frame idx="1450" w="260" h="975" x="-32.926628" y="-670.569397">
   <element name="vr_camera" layername="vr_camera" frame="0" z_index="2" m_a="1.000000" m_b="0.000000" m_c="0.000000" m_d="1.000000" m_tx="-118.926628" m_ty="-705.569397"/>
  </frame>
  <frame idx="1475" w="260" h="937" x="-32.874214" y="-635.976074">
   <element name="vr_camera" layername="vr_camera" frame="0" z_index="2" m_a="1.000000" m_b="0.000000" m_c="0.000000" m_d="1.000000" m_tx="-118.874214" m_ty="-673.976074"/>
  </frame>
  <frame idx="1500" w="260" h="899" x="-32.821800" y="-600.882813">
   <element name="vr_camera" layername="vr_camera" frame="0" z_index="2" m_a="1.000000" m_b="0.000000" m_c="0.000000" m_d="1.000000" m_tx="-118.821800" m_ty="-642.382813"/>
  </frame>
  <frame idx="1525" w="260" h="861" x="-32.769394" y="-566.289490">
   <element name="vr_camera" layername="vr_camera" frame="0" z_index="2" m_a="1.000000" m_b="0.000000" m_c="0.000000" m_d="1.000000" m_tx="-118.769394" m_ty="-610.789490"/>
  </frame>
  <frame idx="1550" w="260" h="823" x="-32.716980" y="-531.696228">
   <element name="vr_camera" layername="vr_camera" frame="0" z_index="2" m_a="1.000000" m_b="0.000000" m_c="0.000000" m_d="1.000000" m_tx="-118.716980" m_ty="-579.196228"/>
  </frame>
  <frame idx="1575" w="260" h="785" x="-32.664574" y="-496.602905">
   <element name="vr_camera" layername="vr_camera" frame="0" z_index="2" m_a="1.000000" m_b="0.000000" m_c="0.000000" m_d="1.000000" m_tx="-118.664574" m_ty="-547.602905"/>
  </frame>
  <frame idx="1600" w="260" h="747" x="-32.612160" y="-462.009644">
   <element name="vr_camera" layername="vr_camera" frame="0" z_index="2" m_a="1.000000" m_b="0.000000" m_c="0.000000" m_d="1.000000" m_tx="-118.612160" m_ty="-516.009644"/>
  </frame>
  <frame idx="1625" w="260" h="710" x="-32.559746" y="-427.416351">
   <element name="vr_camera" layername="vr_camera" frame="0" z_index="2" m_a="1.000000" m_b="0.000000" m_c="0.000000" m_d="1.000000" m_tx="-118.559746" m_ty="-484.416351"/>
  </frame>
  <frame idx="1650" w="260" h="671" x="-32.507339" y="-392.323059">
   <element name="vr_camera" layername="vr_camera" frame="0" z_index="2" m_a="1.000000" m_b="0.000000" m_c="0.000000" m_d="1.000000" m_tx="-118.507339" m_ty="-452.823059"/>
  </frame>
  <frame idx="1675" w="260" h="634" x="-32.454926" y="-357.729767">
   <element name="vr_camera" layername="vr_camera" frame="0" z_index="2" m_a="1.000000" m_b="0.000000" m_c="0.000000" m_d="1.000000" m_tx="-118.454926" m_ty="-421.229767"/>
  </frame>
  <frame idx="1700" w="260" h="596" x="-32.402519" y="-323.136475">
   <element name="vr_camera" layername="vr_camera" frame="0" z_index="2" m_a="1.000000" m_b="0.000000" m_c="0.000000" m_d="1.000000" m_tx="-118.402519" m_ty="-389.636475"/>
  </frame>
  <frame idx="1725" w="260" h="558" x="-32.350105" y="-288.043182">
   <element name="vr_camera" layername="vr_camera" frame="0" z_index="2" m_a="1.000000" m_b="0.000000" m_c="0.000000" m_d="1.000000" m_tx="-118.350105" m_ty="-358.043182"/>
  </frame>
  <frame idx="1750" w="260" h="520" x="-32.297691" y="-253.449890">
   <element name="vr_camera" layername="vr_camera" frame="0" z_index="2" m_a="1.000000" m_b="0.000000" m_c="0.000000" m_d="1.000000" m_tx="-118.297691" m_ty="-326.449890"/>
  </frame>
  <frame idx="1775" w="260" h="483" x="-32.245285" y="-218.856598">
   <element name="vr_camera" layername="vr_camera" frame="0" z_index="2" m_a="1.000000" m_b="0.000000" m_c="0.000000" m_d="1.000000" m_tx="-118.245285" m_ty="-294.856598"/>
  </frame>
  <frame idx="1800" w="260" h="445" x="-32.192871" y="-184.263306">
   <element name="vr_camera" layername="vr_camera" frame="0" z_index="2" m_a="1.000000" m_b="0.000000" m_c="0.000000" m_d="1.000000" m_tx="-118.192871" m_ty="-263.263306"/>
  </frame>
  <frame idx="1825" w="260" h="407" x="-32.140465" y="-149.170013">
   <element name="vr_camera" layername="vr_camera" frame="0" z_index="2" m_a="1.000000" m_b="0.000000" m_c="0.000000" m_d="1.000000" m_tx="-118.140465" m_ty="-231.670013"/>
  </frame>
  <frame idx="1850" w="260" h="369" x="-32.088051" y="-114.576721">
   <element name="vr_camera" layername="vr_camera" frame="0" z_index="2" m_a="1.000000" m_b="0.000000" m_c="0.000000" m_d="1.000000" m_tx="-118.088051" m_ty="-200.076721"/>
  </frame>
  <frame idx="1875" w="260" h="330" x="-32.035637" y="-79.483429">
   <element name="vr_camera" layername="vr_camera" frame="0" z_index="2" m_a="1.000000" m_b="0.000000" m_c="0.000000" m_d="1.000000" m_tx="-118.035637" m_ty="-168.483429"/>
  </frame>
  <frame idx="1900" w="266" h="305" x="-30.483242" y="-57.902603">
   <element name="vr_camera" layername="vr_camera" frame="0" z_index="2" m_a="0.999848" m_b="-0.017452" m_c="0.017452" m_d="0.999848" m_tx="-118.000000" m_ty="-147.000000"/>
  </frame>
  <frame idx="1925" w="280" h="305" x="-25.399624" y="-64.070526">
   <element name="vr_camera" layername="vr_camera" frame="0" z_index="2" m_a="0.997409" m_b="-0.071933" m_c="0.071933" m_d="0.997409" m_tx="-118.000000" m_ty="-147.000000"/>
  </frame>
  <frame idx="1950" w="293" h="304" x="-20.661289" y="-70.560913">
   <element name="vr_camera" layername="vr_camera" frame="0" z_index="2" m_a="0.992005" m_b="-0.126199" m_c="0.126199" m_d="0.992005" m_tx="-118.000000" m_ty="-147.000000"/>
  </frame>
  <frame idx="1975" w="305" h="303" x="-16.910751" y="-76.523903">
   <element name="vr_camera" layername="vr_camera" frame="0" z_index="2" m_a="0.984808" m_b="-0.173648" m_c="0.173648" m_d="0.984808" m_tx="-118.000000" m_ty="-147.000000"/>
  </frame>
 </anim>
 <anim name="idle" root="vr_camera" numframes="1000" framerate="40">
  <frame idx="0" w="305" h="303" x="-16.910751" y="-76.523903">
   <element name="vr_camera" layername="vr_camera" frame="0" z_index="2" m_a="0.984808" m_b="-0.173648" m_c="0.173648" m_d="0.984808" m_tx="-118.000000" m_ty="-147.000000"/>
  </frame>
  <frame idx="25" w="305" h="303" x="-16.910751" y="-76.523903">
   <element name="vr_camera" layername="vr_camera" frame="0" z_index="2" m_a="0.984808" m_b="-0.173648" m_c="0.173648" m_d="0.984808" m_tx="-118.000000" m_ty="-147.000000"/>
  </frame>
  <frame idx="50" w="305" h="303" x="-16.910751" y="-76.523903">
   <element name="vr_camera" layername="vr_camera" frame="0" z_index="2" m_a="0.984808" m_b="-0.173648" m_c="0.173648" m_d="0.984808" m_tx="-118.000000" m_ty="-147.000000"/>
  </frame>
  <frame idx="75" w="305" h="303" x="-16.910751" y="-76.523903">
   <element name="vr_camera" layername="vr_camera" frame="0" z_index="2" m_a="0.984808" m_b="-0.173648" m_c="0.173648" m_d="0.984808" m_tx="-118.000000" m_ty="-147.000000"/>
  </frame>
  <frame idx="100" w="305" h="303" x="-16.910751" y="-76.523903">
   <element name="vr_camera" layername="vr_camera" frame="0" z_index="2" m_a="0.984808" m_b="-0.173648" m_c="0.173648" m_d="0.984808" m_tx="-118.000000" m_ty="-147.000000"/>
  </frame>
  <frame idx="125" w="305" h="303" x="-16.910751" y="-76.523903">
   <element name="vr_camera" layername="vr_camera" frame="0" z_index="2" m_a="0.984808" m_b="-0.173648" m_c="0.173648" m_d="0.984808" m_tx="-118.000000" m_ty="-147.000000"/>
  </frame>
  <frame idx="150" w="305" h="303" x="-16.910751" y="-76.523903">
   <element name="vr_camera" layername="vr_camera" frame="0" z_index="2" m_a="0.984808" m_b="-0.173648" m_c="0.173648" m_d="0.984808" m_tx="-118.000000" m_ty="-147.000000"/>
  </frame>
  <frame idx="175" w="305" h="303" x="-16.910751" y="-76.523903">
   <element name="vr_camera" layername="vr_camera" frame="0" z_index="2" m_a="0.984808" m_b="-0.173648" m_c="0.173648" m_d="0.984808" m_tx="-118.000000" m_ty="-147.000000"/>
  </frame>
  <frame idx="200" w="305" h="303" x="-16.910751" y="-76.523903">
   <element name="vr_camera" layername="vr_camera" frame="0" z_index="2" m_a="0.984808" m_b="-0.173648" m_c="0.173648" m_d="0.984808" m_tx="-118.000000" m_ty="-147.000000"/>
  </frame>
  <frame idx="225" w="305" h="303" x="-16.910751" y="-76.523903">
   <element name="vr_camera" layername="vr_camera" frame="0" z_index="2" m_a="0.984808" m_b="-0.173648" m_c="0.173648" m_d="0.984808" m_tx="-118.000000" m_ty="-147.000000"/>
  </frame>
  <frame idx="250" w="305" h="303" x="-16.910751" y="-76.523903">
   <element name="vr_camera" layername="vr_camera" frame="0" z_index="2" m_a="0.984808" m_b="-0.173648" m_c="0.173648" m_d="0.984808" m_tx="-118.000000" m_ty="-147.000000"/>
  </frame>
  <frame idx="275" w="305" h="303" x="-16.910751" y="-76.523903">
   <element name="vr_camera" layername="vr_camera" frame="0" z_index="2" m_a="0.984808" m_b="-0.173648" m_c="0.173648" m_d="0.984808" m_tx="-118.000000" m_ty="-147.000000"/>
  </frame>
  <frame idx="300" w="305" h="303" x="-16.910751" y="-76.523903">
   <element name="vr_camera" layername="vr_camera" frame="0" z_index="2" m_a="0.984808" m_b="-0.173648" m_c="0.173648" m_d="0.984808" m_tx="-118.000000" m_ty="-147.000000"/>
  </frame>
  <frame idx="325" w="305" h="303" x="-16.910751" y="-76.523903">
   <element name="vr_camera" layername="vr_camera" frame="0" z_index="2" m_a="0.984808" m_b="-0.173648" m_c="0.173648" m_d="0.984808" m_tx="-118.000000" m_ty="-147.000000"/>
  </frame>
  <frame idx="350" w="305" h="303" x="-16.910751" y="-76.523903">
   <element name="vr_camera" layername="vr_camera" frame="0" z_index="2" m_a="0.984808" m_b="-0.173648" m_c="0.173648" m_d="0.984808" m_tx="-118.000000" m_ty="-147.000000"/>
  </frame>
  <frame idx="375" w="305" h="303" x="-16.910751" y="-76.523903">
   <element name="vr_camera" layername="vr_camera" frame="0" z_index="2" m_a="0.984808" m_b="-0.173648" m_c="0.173648" m_d="0.984808" m_tx="-118.000000" m_ty="-147.000000"/>
  </frame>
  <frame idx="400" w="305" h="303" x="-16.910751" y="-76.523903">
   <element name="vr_camera" layername="vr_camera" frame="0" z_index="2" m_a="0.984808" m_b="-0.173648" m_c="0.173648" m_d="0.984808" m_tx="-118.000000" m_ty="-147.000000"/>
  </frame>
  <frame idx="425" w="305" h="303" x="-16.910751" y="-76.523903">
   <element name="vr_camera" layername="vr_camera" frame="0" z_index="2" m_a="0.984808" m_b="-0.173648" m_c="0.173648" m_d="0.984808" m_tx="-118.000000" m_ty="-147.000000"/>
  </frame>
  <frame idx="450" w="305" h="303" x="-16.910751" y="-76.523903">
   <element name="vr_camera" layername="vr_camera" frame="0" z_index="2" m_a="0.984808" m_b="-0.173648" m_c="0.173648" m_d="0.984808" m_tx="-118.000000" m_ty="-147.000000"/>
  </frame>
  <frame idx="475" w="305" h="303" x="-16.910751" y="-76.523903">
   <element name="vr_camera" layername="vr_camera" frame="0" z_index="2" m_a="0.984808" m_b="-0.173648" m_c="0.173648" m_d="0.984808" m_tx="-118.000000" m_ty="-147.000000"/>
  </frame>
  <frame idx="500" w="305" h="303" x="-16.910751" y="-76.523903">
   <element name="vr_camera" layername="vr_camera" frame="0" z_index="2" m_a="0.984808" m_b="-0.173648" m_c="0.173648" m_d="0.984808" m_tx="-118.000000" m_ty="-147.000000"/>
  </frame>
  <frame idx="525" w="305" h="303" x="-16.910751" y="-76.523903">
   <element name="vr_camera" layername="vr_camera" frame="0" z_index="2" m_a="0.984808" m_b="-0.173648" m_c="0.173648" m_d="0.984808" m_tx="-118.000000" m_ty="-147.000000"/>
  </frame>
  <frame idx="550" w="305" h="303" x="-16.910751" y="-76.523903">
   <element name="vr_camera" layername="vr_camera" frame="0" z_index="2" m_a="0.984808" m_b="-0.173648" m_c="0.173648" m_d="0.984808" m_tx="-118.000000" m_ty="-147.000000"/>
  </frame>
  <frame idx="575" w="305" h="303" x="-16.910751" y="-76.523903">
   <element name="vr_camera" layername="vr_camera" frame="0" z_index="2" m_a="0.984808" m_b="-0.173648" m_c="0.173648" m_d="0.984808" m_tx="-118.000000" m_ty="-147.000000"/>
  </frame>
  <frame idx="600" w="305" h="303" x="-16.910751" y="-76.523903">
   <element name="vr_camera" layername="vr_camera" frame="0" z_index="2" m_a="0.984808" m_b="-0.173648" m_c="0.173648" m_d="0.984808" m_tx="-118.000000" m_ty="-147.000000"/>
  </frame>
  <frame idx="625" w="305" h="303" x="-16.910751" y="-76.523903">
   <element name="vr_camera" layername="vr_camera" frame="0" z_index="2" m_a="0.984808" m_b="-0.173648" m_c="0.173648" m_d="0.984808" m_tx="-118.000000" m_ty="-147.000000"/>
  </frame>
  <frame idx="650" w="305" h="303" x="-16.910751" y="-76.523903">
   <element name="vr_camera" layername="vr_camera" frame="0" z_index="2" m_a="0.984808" m_b="-0.173648" m_c="0.173648" m_d="0.984808" m_tx="-118.000000" m_ty="-147.000000"/>
  </frame>
  <frame idx="675" w="305" h="303" x="-16.910751" y="-76.523903">
   <element name="vr_camera" layername="vr_camera" frame="0" z_index="2" m_a="0.984808" m_b="-0.173648" m_c="0.173648" m_d="0.984808" m_tx="-118.000000" m_ty="-147.000000"/>
  </frame>
  <frame idx="700" w="305" h="303" x="-16.910751" y="-76.523903">
   <element name="vr_camera" layername="vr_camera" frame="0" z_index="2" m_a="0.984808" m_b="-0.173648" m_c="0.173648" m_d="0.984808" m_tx="-118.000000" m_ty="-147.000000"/>
  </frame>
  <frame idx="725" w="305" h="303" x="-16.910751" y="-76.523903">
   <element name="vr_camera" layername="vr_camera" frame="0" z_index="2" m_a="0.984808" m_b="-0.173648" m_c="0.173648" m_d="0.984808" m_tx="-118.000000" m_ty="-147.000000"/>
  </frame>
  <frame idx="750" w="305" h="303" x="-16.910751" y="-76.523903">
   <element name="vr_camera" layername="vr_camera" frame="0" z_index="2" m_a="0.984808" m_b="-0.173648" m_c="0.173648" m_d="0.984808" m_tx="-118.000000" m_ty="-147.000000"/>
  </frame>
  <frame idx="775" w="305" h="303" x="-16.910751" y="-76.523903">
   <element name="vr_camera" layername="vr_camera" frame="0" z_index="2" m_a="0.984808" m_b="-0.173648" m_c="0.173648" m_d="0.984808" m_tx="-118.000000" m_ty="-147.000000"/>
  </frame>
  <frame idx="800" w="305" h="303" x="-16.910751" y="-76.523903">
   <element name="vr_camera" layername="vr_camera" frame="0" z_index="2" m_a="0.984808" m_b="-0.173648" m_c="0.173648" m_d="0.984808" m_tx="-118.000000" m_ty="-147.000000"/>
  </frame>
  <frame idx="825" w="305" h="303" x="-16.910751" y="-76.523903">
   <element name="vr_camera" layername="vr_camera" frame="0" z_index="2" m_a="0.984808" m_b="-0.173648" m_c="0.173648" m_d="0.984808" m_tx="-118.000000" m_ty="-147.000000"/>
  </frame>
  <frame idx="850" w="305" h="303" x="-16.910751" y="-76.523903">
   <element name="vr_camera" layername="vr_camera" frame="0" z_index="2" m_a="0.984808" m_b="-0.173648" m_c="0.173648" m_d="0.984808" m_tx="-118.000000" m_ty="-147.000000"/>
  </frame>
  <frame idx="875" w="305" h="303" x="-16.910751" y="-76.523903">
   <element name="vr_camera" layername="vr_camera" frame="0" z_index="2" m_a="0.984808" m_b="-0.173648" m_c="0.173648" m_d="0.984808" m_tx="-118.000000" m_ty="-147.000000"/>
  </frame>
  <frame idx="900" w="305" h="303" x="-16.910751" y="-76.523903">
   <element name="vr_camera" layername="vr_camera" frame="0" z_index="2" m_a="0.984808" m_b="-0.173648" m_c="0.173648" m_d="0.984808" m_tx="-118.000000" m_ty="-147.000000"/>
  </frame>
  <frame idx="925" w="305" h="303" x="-16.910751" y="-76.523903">
   <element name="vr_camera" layername="vr_camera" frame="0" z_index="2" m_a="0.984808" m_b="-0.173648" m_c="0.173648" m_d="0.984808" m_tx="-118.000000" m_ty="-147.000000"/>
  </frame>
  <frame idx="950" w="305" h="303" x="-16.910751" y="-76.523903">
   <element name="vr_camera" layername="vr_camera" frame="0" z_index="2" m_a="0.984808" m_b="-0.173648" m_c="0.173648" m_d="0.984808" m_tx="-118.000000" m_ty="-147.000000"/>
  </frame>
  <frame idx="975" w="305" h="303" x="-16.910751" y="-76.523903">
   <element name="vr_camera" layername="vr_camera" frame="0" z_index="2" m_a="0.984808" m_b="-0.173648" m_c="0.173648" m_d="0.984808" m_tx="-118.000000" m_ty="-147.000000"/>
  </frame>
 </anim>
</Anims>
